cancer,rank,gene,summed_publications
Breast Cancer,1,ERBB2,22700
Breast Cancer,2,ESR1,14108
Breast Cancer,3,BRCA1,6894
Breast Cancer,4,NR4A1,5580
Breast Cancer,5,EREG,5298
Breast Cancer,6,BRCA2,4398
Breast Cancer,7,TP53,3908
Breast Cancer,8,PGR,3849
Breast Cancer,9,AKT1,2555
Breast Cancer,10,EGFR,2313
Lung Cancer,1,EGFR,18485
Lung Cancer,2,ALK,4944
Lung Cancer,3,CD274,4414
Lung Cancer,4,KRAS,4391
Lung Cancer,5,TP53,3334
Lung Cancer,6,AKT1,2147
Lung Cancer,7,PDCD1,2073
Lung Cancer,8,ERBB2,1328
Lung Cancer,9,SLTM,1289
Lung Cancer,10,ROS1,1277
Colorectal Cancer,1,KRAS,4951
Colorectal Cancer,2,TP53,3725
Colorectal Cancer,3,CTNNB1,2961
Colorectal Cancer,4,EGFR,2913
Colorectal Cancer,5,BRAF,2683
Colorectal Cancer,6,CEACAM3,1968
Colorectal Cancer,7,AKT1,1854
Colorectal Cancer,8,APC,1756
Colorectal Cancer,9,VEGFA,1340
Colorectal Cancer,10,MLH1,1256
Prostate Cancer,1,KLK3,6424
Prostate Cancer,2,AR,5480
Prostate Cancer,3,FOLH1,3345
Prostate Cancer,4,NPEPPS,1502
Prostate Cancer,5,AKT1,1252
Prostate Cancer,6,PTEN,939
Prostate Cancer,7,TP53,921
Prostate Cancer,8,ERG,855
Prostate Cancer,9,TMPRSS2,606
Prostate Cancer,10,BRCA2,556
Melanoma,1,BRAF,5074
Melanoma,2,PDCD1,1436
Melanoma,3,MAP2K7,1019
Melanoma,4,NRAS,951
Melanoma,5,CDKN2A,914
Melanoma,6,TYR,760
Melanoma,7,MLANA,752
Melanoma,8,CD274,734
Melanoma,9,CD8A,666
Melanoma,10,AKT1,628
Bladder Cancer,1,TP53,836
Bladder Cancer,2,AKT1,433
Bladder Cancer,3,FGFR3,368
Bladder Cancer,4,CD274,354
Bladder Cancer,5,EGFR,308
Bladder Cancer,6,ERBB2,279
Bladder Cancer,7,CTNNB1,190
Bladder Cancer,8,MTOR,186
Bladder Cancer,9,VEGFA,184
Bladder Cancer,10,CDH1,183
Kidney Cancer,1,VHL,1102
Kidney Cancer,2,VEGFA,849
Kidney Cancer,3,WT1,824
Kidney Cancer,4,MTOR,692
Kidney Cancer,5,TP53,592
Kidney Cancer,6,AKT1,565
Kidney Cancer,7,CD274,559
Kidney Cancer,8,TFE3,506
Kidney Cancer,9,IL2,393
Kidney Cancer,10,CA9,392
Pancreatic Cancer,1,KRAS,1986
Pancreatic Cancer,2,TP53,771
Pancreatic Cancer,3,AKT1,664
Pancreatic Cancer,4,EGFR,561
Pancreatic Cancer,5,TGFB1,448
Pancreatic Cancer,6,CDKN2A,446
Pancreatic Cancer,7,NFKB1,436
Pancreatic Cancer,8,SMAD4,382
Pancreatic Cancer,9,BRCA2,378
Pancreatic Cancer,10,MAPK1,358
Liver Cancer,1,AFP,4505
Liver Cancer,2,TP53,2186
Liver Cancer,3,AKT1,2130
Liver Cancer,4,CTNNB1,1832
Liver Cancer,5,PDCD1,1080
Liver Cancer,6,TGFB1,976
Liver Cancer,7,CD274,954
Liver Cancer,8,VEGFA,913
Liver Cancer,9,STAT3,859
Liver Cancer,10,MTOR,853
Stomach Cancer,1,ERBB2,2326
Stomach Cancer,2,AKT1,1274
Stomach Cancer,3,TP53,1270
Stomach Cancer,4,CDH1,1255
Stomach Cancer,5,CD274,791
Stomach Cancer,6,CTNNB1,780
Stomach Cancer,7,VEGFA,566
Stomach Cancer,8,EGFR,541
Stomach Cancer,9,NFKB1,504
Stomach Cancer,10,CEACAM3,481
Esophageal Cancer,1,TP53,398
Esophageal Cancer,2,AKT1,176
Esophageal Cancer,3,EGFR,141
Esophageal Cancer,4,CCND1,125
Esophageal Cancer,5,CD274,110
Esophageal Cancer,6,ALDH2,100
Esophageal Cancer,7,CTNNB1,99
Esophageal Cancer,8,ERBB2,91
Esophageal Cancer,9,VEGFA,88
Esophageal Cancer,10,PDCD1,83
Ovarian Cancer,1,BRCA1,2642
Ovarian Cancer,2,MUC16,1923
Ovarian Cancer,3,BRCA2,1535
Ovarian Cancer,4,TP53,1363
Ovarian Cancer,5,AKT1,860
Ovarian Cancer,6,ERBB2,661
Ovarian Cancer,7,VEGFA,482
Ovarian Cancer,8,EGFR,447
Ovarian Cancer,9,PARP1,434
Ovarian Cancer,10,WFDC2,410
Endometrial Cancer,1,TP53,872
Endometrial Cancer,2,ESR1,513
Endometrial Cancer,3,PTEN,465
Endometrial Cancer,4,PGR,398
Endometrial Cancer,5,AKT1,355
Endometrial Cancer,6,CTNNB1,268
Endometrial Cancer,7,MLH1,265
Endometrial Cancer,8,ERBB2,258
Endometrial Cancer,9,MUC16,192
Endometrial Cancer,10,MTOR,182
Cervical Cancer,1,TP53,716
Cervical Cancer,2,AKT1,414
Cervical Cancer,3,CDKN2A,328
Cervical Cancer,4,CD274,251
Cervical Cancer,5,CTNNB1,229
Cervical Cancer,6,EGFR,226
Cervical Cancer,7,VEGFA,189
Cervical Cancer,8,NFKB1,181
Cervical Cancer,9,MTOR,170
Cervical Cancer,10,BCL2,151
Thyroid Cancer,1,TG,1283
Thyroid Cancer,2,BRAF,839
Thyroid Cancer,3,RET,557
Thyroid Cancer,4,SLC5A5,266
Thyroid Cancer,5,AKT1,259
Thyroid Cancer,6,TP53,239
Thyroid Cancer,7,TERT,227
Thyroid Cancer,8,TSHR,214
Thyroid Cancer,9,PAX8,110
Thyroid Cancer,10,LGALS3,103
Brain Cancer,1,IDH1,5090
Brain Cancer,2,EGFR,3159
Brain Cancer,3,TP53,2550
Brain Cancer,4,MGMT,2044
Brain Cancer,5,AKT1,1667
Brain Cancer,6,PTEN,995
Brain Cancer,7,VEGFA,966
Brain Cancer,8,BRAF,948
Brain Cancer,9,GFAP,836
Brain Cancer,10,SHH,750
Leukemia,1,ABL1,7596
Leukemia,2,FLT3,4036
Leukemia,3,BCR,3588
Leukemia,4,TP53,3032
Leukemia,5,KMT2A,2869
Leukemia,6,RUNX1,2750
Leukemia,7,CD34,1985
Leukemia,8,BCL2,1717
Leukemia,9,NPM1,1682
Leukemia,10,RARA,1418
Lymphoma,1,MYC,2580
Lymphoma,2,BCL2,1892
Lymphoma,3,TP53,1311
Lymphoma,4,KRT20,1282
Lymphoma,5,BCL6,1152
Lymphoma,6,CCND1,948
Lymphoma,7,TNFRSF8,688
Lymphoma,8,CD19,651
Lymphoma,9,NFKB1,645
Lymphoma,10,CD5,591
Myeloma,1,IL6,938
Myeloma,2,CD38,592
Myeloma,3,TNFRSF17,473
Myeloma,4,SDC1,440
Myeloma,5,TP53,334
Myeloma,6,MYC,331
Myeloma,7,NFKB1,311
Myeloma,8,AKT1,267
Myeloma,9,BCL2,234
Myeloma,10,HLA_G,228
