cancer,n,spearman_rho,p_raw,p_bonferroni,significant
Bladder Cancer,50,-0.3931123750421614,0.004741464154001199,0.09008781892602277,No
Brain Cancer,50,-0.029710368957417965,0.8377162400333413,1.0,No
Breast Cancer,50,-0.23676096729737262,0.0978354463783929,1.0,No
Cervical Cancer,50,-0.19371621988023452,0.17767663419989804,1.0,No
Colorectal Cancer,50,-0.12478354962115544,0.3879079899098081,1.0,No
Endometrial Cancer,50,-0.20695515888332183,0.14928962903559254,1.0,No
Esophageal Cancer,50,-0.4413305404121331,0.0013357360393295976,0.025378984747262356,**Yes**
Kidney Cancer,50,-0.3535533905932738,0.011778994113884765,0.22380088816381055,No
Leukemia,50,-0.21455956195564543,0.13458097939526653,1.0,No
Liver Cancer,50,-0.3049034020189398,0.03131726403400387,0.5950280166460735,No
Lung Cancer,50,-0.29184694839090825,0.039736180873687556,0.7549874366000635,No
Lymphoma,50,-0.3135406857855342,0.02660729904625106,0.5055386818787702,No
Melanoma,50,-0.3861642228606164,0.005607911168976026,0.10655031221054449,No
Myeloma,50,-0.1980930064207719,0.16789162215182077,1.0,No
Ovarian Cancer,50,-0.17115198106568613,0.23467182336720496,1.0,No
Pancreatic Cancer,50,-0.2525307791776253,0.07684416115675169,1.0,No
Prostate Cancer,50,-0.23270593312781063,0.10389154319715363,1.0,No
Stomach Cancer,50,-0.44608730453532613,0.001166762046864352,0.02216847889042269,**Yes**
Thyroid Cancer,50,-0.2585794205950534,0.0698070238333988,1.0,No
