cancer,top10_vetted,top10_raw
Breast Cancer,BRCA1 BRCA2 PIK3CA ERBB2 TP53 PALB2 CHEK2 ESR1 EGF PTEN,BRIP1 BRCA1 BRCA2 CD44 SPI1 PIK3CA WAS WWOX ESR1 TP53
Lung Cancer,EGF EGFR KRAS TP53 CD274 BRAF PIK3CA ERBB2 ALK STK11,BRIP1 EGF EGFR CD44 SPI1 WAS WWOX KRAS UBE3A NR4A2
Colorectal Cancer,KRAS BRAF EGFR MLH1 PIK3CA NRAS MSH2 EGF TP53 APC,BRIP1 CD44 KRAS BRAF SPI1 WAS WWOX EGFR MLH1 HR
Prostate Cancer,BRCA2 BRCA1 TP53 PTEN ATM AR SPOP PARP1 CHEK2 RB1,BRIP1 CD44 BRCA2 SPI1 AR BRCA1 BCR WWOX WAS TP53
Melanoma,BRAF NRAS KIT CDKN2A TERT GNAQ GNA11 BAP1 PDCD1 SF3B1,BRIP1 BRAF NRAS CD44 SPI1 WWOX WAS KIT CDKN2A NR4A2
Bladder Cancer,FGFR3 TP53 TERT PIK3CA CD274 RB1 KRAS ERBB2 EGFR ARID1A,BRIP1 CD44 WWOX TP53 FGFR3 BCR SPI1 WAS TERT PAX6
Kidney Cancer,VHL WT1 PBRM1 BAP1 FH SETD2 TSC2 FLCN TP53 CTNNB1,PAX6 BCR VHL CD44 BRIP1 SPI1 WWOX WAS WT1 UBE3A
Pancreatic Cancer,KRAS BRCA2 CDKN2A TP53 BRCA1 SMAD4 GNAS PALB2 PIK3CA BRAF,CD44 BRIP1 BCR KRAS SPI1 WWOX WAS TP53 NR4A2 CDKN2A
Liver Cancer,KRAS CTNNB1 TP53 BRAF PIK3CA TERT NRAS EGF EGFR KIT,BRIP1 CD44 TP53 SPI1 WAS WWOX KRAS CTNNB1 NR4A2 UBE3A
Stomach Cancer,CDH1 TP53 PIK3CA KRAS CTNNB1 EGFR KIT BRAF APC EGF,BRIP1 DIAPH3 BCR CD44 SPI1 TP53 WAS WWOX CDH1 NR4A2
Esophageal Cancer,TP53 EGFR PIK3CA EGF CDKN2A KRAS BRAF ERBB2 NOTCH1 CD274,CD44 WWOX TP53 SPI1 BCR WAS UBE3A PAX6 NR4A2 EGFR
Ovarian Cancer,BRCA1 BRCA2 TP53 POLE KRAS PIK3CA ARID1A MLH1 CTNNB1 BRAF,BRIP1 BRCA1 BRCA2 CD44 SPI1 WWOX WAS TP53 BCR PAX6
Endometrial Cancer,PTEN POLE PIK3CA MLH1 TP53 KRAS MSH2 CTNNB1 ARID1A MSH6,BRIP1 PAX6 CD44 TP53 PTEN WWOX WAS POLE PIK3CA MLH1
Cervical Cancer,PIK3CA KRAS TP53 PTEN ERBB2 EGFR STK11 FBXW7 CD274 EGF,CD44 UBE3A DIAPH3 PIK3CA TP53 BRIP1 SPI1 WWOX WAS PAX6
Thyroid Cancer,BRAF RET TERT NRAS KRAS HRAS PIK3CA TP53 CCDC6 EIF1AX,RET CCDC6 BRAF BCR CD44 BRIP1 SPI1 WAS TERT WWOX
Brain Cancer,IDH1 TP53 EGFR TERT IDH2 BRAF EGF ATRX KRAS PIK3CA,CD44 BRIP1 SPI1 IDH1 WAS WWOX TP53 NR4A2 EGFR DIAPH3
Leukemia,FLT3 NPM1 DNMT3A BCR CEBPA NRAS ASXL1 TP53 RUNX1 IDH1,SPI1 WAS BCR NPM1 CD44 BRIP1 FLT3 WWOX NUP214 NR4A2
Lymphoma,MYD88 TP53 MYC CD79B KMT2D EZH2 CREBBP BCL2 ATM TET2,CD44 WWOX BCR BRIP1 SPI1 TP53 MYD88 WAS NR4A2 PAX6
Myeloma,NRAS TP53 BRAF KRAS DIS3 SDC1 IGH MYC FGFR3 CCND1,CD44 SPI1 BCR TP53 WWOX NRAS UBE3A BRAF DIAPH3 KRAS
