gene,cancers,screened_corpus,approved_name,total_postings,sample_size,C_g,G_g,bucket
ABL1,Leukemia,leukemia_cancer_inclusive,"ABL proto-oncogene 1, non-receptor tyrosine kinase",946,500,0.988,0.0,AMBER
AFP,Liver Cancer,liver_cancer_inclusive,alpha fetoprotein,5329,500,0.996,0.06,AMBER
AHR,Brain Cancer,brain_cancer_inclusive,aryl hydrocarbon receptor,89,89,0.3371,0.3596,RED
AICDA,Lymphoma,lymphoma_cancer_inclusive,activation induced cytidine deaminase,23,23,0.8261,0.0,AMBER
AIP,Brain Cancer,brain_cancer_inclusive,AHR interacting HSP90 co-chaperone,174,174,0.9943,0.0,AMBER
AKT1,Bladder Cancer;Breast Cancer;Colorectal Cancer;Endometrial Cancer;Liver Cancer;Lung Cancer;Thyroid Cancer,bladder_cancer_inclusive,AKT serine/threonine kinase 1,37,37,0.8108,0.0,AMBER
ALK,Brain Cancer;Cervical Cancer;Liver Cancer;Lung Cancer;Thyroid Cancer,brain_cancer_inclusive,ALK receptor tyrosine kinase,333,333,0.997,0.018,AMBER
AMACR,Breast Cancer;Kidney Cancer;Prostate Cancer,breast_cancer_inclusive,alpha-methylacyl-CoA racemase,6,6,1.0,0.3333,GREEN
APC,Bladder Cancer;Breast Cancer;Colorectal Cancer;Endometrial Cancer;Esophageal Cancer;Liver Cancer;Ovarian Cancer;Pancreatic Cancer;Prostate Cancer;Stomach Cancer;Thyroid Cancer,bladder_cancer_inclusive,APC regulator of Wnt signaling pathway,66,66,0.9697,0.0,AMBER
AR,Pancreatic Cancer;Prostate Cancer;Thyroid Cancer,pancreas_cancer_inclusive,androgen receptor,65,65,0.9692,0.2154,AMBER
ARID1A,Bladder Cancer;Cervical Cancer;Endometrial Cancer;Esophageal Cancer;Liver Cancer;Lymphoma;Melanoma;Ovarian Cancer;Pancreatic Cancer;Stomach Cancer,bladder_cancer_inclusive,AT-rich interaction domain 1A,70,70,1.0,0.0429,AMBER
ARID2,Melanoma,melanoma_cancer_inclusive,AT-rich interaction domain 2,17,17,1.0,0.0,AMBER
ASXL1,Leukemia;Myeloma,leukemia_cancer_inclusive,ASXL transcriptional regulator 1,557,500,0.998,0.002,AMBER
ATM,Bladder Cancer;Breast Cancer;Cervical Cancer;Colorectal Cancer;Endometrial Cancer;Esophageal Cancer;Kidney Cancer;Leukemia;Lung Cancer;Lymphoma;Myeloma;Ovarian Cancer;Pancreatic Cancer;Prostate Cancer;Stomach Cancer,bladder_cancer_inclusive,ATM serine/threonine kinase,61,61,1.0,0.0,AMBER
ATR,Endometrial Cancer;Ovarian Cancer;Prostate Cancer,endometrial_cancer_inclusive,ATR checkpoint kinase,14,14,1.0,0.0,AMBER
ATRX,Brain Cancer;Melanoma;Pancreatic Cancer,brain_cancer_inclusive,ATRX chromatin remodeler,446,446,1.0,0.0022,AMBER
AURKA,Lung Cancer,lung_cancer_inclusive,aurora kinase A,94,94,0.9681,0.2766,AMBER
AXIN1,Liver Cancer,liver_cancer_inclusive,axin 1,85,85,0.8353,0.0,AMBER
AXIN2,Endometrial Cancer,endometrial_cancer_inclusive,axin 2,5,5,0.6,0.0,AMBER
B2M,Lymphoma,lymphoma_cancer_inclusive,beta-2-microglobulin,87,87,0.977,0.046,AMBER
BAP1,Kidney Cancer;Liver Cancer;Lung Cancer;Melanoma,kidney_cancer_inclusive,BRCA1 associated deubiquitinase 1,231,231,0.9957,0.0,AMBER
BARD1,Breast Cancer;Endometrial Cancer;Ovarian Cancer,breast_cancer_inclusive,BRCA1 associated RING domain 1,239,239,0.9916,0.0042,AMBER
BCAR3,Breast Cancer;Colorectal Cancer,breast_cancer_inclusive,"BCAR3 adaptor protein, NSP family member",23,23,1.0,0.0,AMBER
BCL10,Lymphoma,lymphoma_cancer_inclusive,BCL10 immune signaling adaptor,147,147,0.8163,0.0,AMBER
BCL2,Esophageal Cancer;Lymphoma;Myeloma;Prostate Cancer;Stomach Cancer,esophageal_cancer_inclusive,BCL2 apoptosis regulator,55,55,0.3455,0.0,RED
BCL2L1,Myeloma,myeloma_cancer_inclusive,BCL2 like 1,10,10,1.0,0.0,AMBER
BCL2L11,Lung Cancer,lung_cancer_inclusive,BCL2 like 11,16,16,1.0,0.0,AMBER
BCL6,Lymphoma;Myeloma,lymphoma_cancer_inclusive,BCL6 transcription repressor,1206,500,0.93,0.002,AMBER
BCOR,Leukemia,leukemia_cancer_inclusive,BCL6 corepressor,102,102,0.951,0.0686,AMBER
BCORL1,Leukemia,leukemia_cancer_inclusive,BCL6 corepressor like 1,30,30,1.0,0.0333,AMBER
BCR,Leukemia,leukemia_cancer_inclusive,BCR activator of RhoGEF and GTPase,2573,500,0.892,0.002,AMBER
BIRC2,Myeloma,myeloma_cancer_inclusive,baculoviral IAP repeat containing 2,5,5,1.0,0.0,AMBER
BIRC3,Leukemia;Myeloma,leukemia_cancer_inclusive,baculoviral IAP repeat containing 3,89,89,1.0,0.0,AMBER
BLM,Stomach Cancer,stomach_cancer_inclusive,BLM RecQ like helicase,9,9,1.0,0.0,AMBER
BMPR1A,Colorectal Cancer,colorectal_cancer_inclusive,bone morphogenetic protein receptor type 1A,79,79,0.9114,0.0,AMBER
BRAF,Bladder Cancer;Brain Cancer;Breast Cancer;Cervical Cancer;Colorectal Cancer;Endometrial Cancer;Esophageal Cancer;Kidney Cancer;Leukemia;Liver Cancer;Lung Cancer;Lymphoma;Melanoma;Myeloma;Ovarian Cancer;Pancreatic Cancer;Prostate Cancer;Stomach Cancer;Thyroid Cancer,bladder_cancer_inclusive,"B-Raf proto-oncogene, serine/threonine kinase",47,47,0.9574,0.0,AMBER
BRAP,Kidney Cancer,kidney_cancer_inclusive,BRCA1 associated protein,1,1,1.0,0.0,AMBER
BRCA1,Bladder Cancer;Breast Cancer;Cervical Cancer;Colorectal Cancer;Endometrial Cancer;Esophageal Cancer;Kidney Cancer;Lung Cancer;Melanoma;Ovarian Cancer;Pancreatic Cancer;Prostate Cancer;Stomach Cancer,bladder_cancer_inclusive,BRCA1 DNA repair associated,46,46,1.0,0.0,AMBER
BRCA2,Bladder Cancer;Breast Cancer;Cervical Cancer;Colorectal Cancer;Endometrial Cancer;Esophageal Cancer;Kidney Cancer;Liver Cancer;Lung Cancer;Melanoma;Ovarian Cancer;Pancreatic Cancer;Prostate Cancer;Stomach Cancer,bladder_cancer_inclusive,BRCA2 DNA repair associated,35,35,1.0,0.0,AMBER
BRIP1,Breast Cancer;Endometrial Cancer;Ovarian Cancer;Prostate Cancer;Stomach Cancer,breast_cancer_inclusive,BRCA1 interacting DNA helicase 1,215,215,0.9953,0.0,AMBER
CA9,Kidney Cancer,kidney_cancer_inclusive,carbonic anhydrase 9,130,130,1.0,0.1692,AMBER
CALR,Leukemia,leukemia_cancer_inclusive,calreticulin,87,87,0.977,0.3333,GREEN
CARD11,Lymphoma,lymphoma_cancer_inclusive,caspase recruitment domain family member 11,136,136,0.9926,0.0221,AMBER
CBFB,Leukemia,leukemia_cancer_inclusive,core-binding factor subunit beta,126,126,0.9365,0.0079,AMBER
CBL,Leukemia,leukemia_cancer_inclusive,Cbl proto-oncogene,209,209,0.8804,0.0096,AMBER
CCDC6,Thyroid Cancer,thyroid_cancer_inclusive,coiled-coil domain containing 6,24,24,1.0,0.1667,AMBER
CCL14,Liver Cancer,liver_cancer_inclusive,C-C motif chemokine ligand 14,8,8,1.0,0.375,GREEN
CCL20,Colorectal Cancer,colorectal_cancer_inclusive,C-C motif chemokine ligand 20,72,72,1.0,0.0278,AMBER
CCND1,Bladder Cancer;Endometrial Cancer;Esophageal Cancer;Myeloma;Ovarian Cancer;Pancreatic Cancer;Thyroid Cancer,bladder_cancer_inclusive,cyclin D1,62,62,1.0,0.2419,AMBER
CCND3,Lymphoma,lymphoma_cancer_inclusive,cyclin D3,68,68,0.9853,0.2059,AMBER
CCNE1,Endometrial Cancer,endometrial_cancer_inclusive,cyclin E1,39,39,1.0,0.1538,AMBER
CD274,Bladder Cancer;Brain Cancer;Breast Cancer;Cervical Cancer;Colorectal Cancer;Endometrial Cancer;Esophageal Cancer;Kidney Cancer;Liver Cancer;Lung Cancer;Lymphoma;Melanoma;Pancreatic Cancer;Stomach Cancer;Thyroid Cancer,bladder_cancer_inclusive,CD274 molecule,26,26,1.0,0.0,AMBER
CD34,Leukemia,leukemia_cancer_inclusive,CD34 molecule,3297,500,1.0,0.004,AMBER
CD38,Myeloma,myeloma_cancer_inclusive,CD38 molecule,657,500,1.0,0.01,AMBER
CD48,Leukemia,leukemia_cancer_inclusive,CD48 molecule,23,23,1.0,0.0435,AMBER
CD79B,Lymphoma,lymphoma_cancer_inclusive,CD79b molecule,278,278,0.723,0.0,AMBER
CDA,Esophageal Cancer,esophageal_cancer_inclusive,cytidine deaminase,1,1,1.0,0.0,AMBER
CDH1,Breast Cancer;Stomach Cancer,breast_cancer_inclusive,cadherin 1,602,500,0.956,0.038,AMBER
CDK12,Ovarian Cancer;Prostate Cancer,ovarian_cancer_inclusive,cyclin dependent kinase 12,31,31,1.0,0.0,AMBER
CDK4,Esophageal Cancer;Melanoma,esophageal_cancer_inclusive,cyclin dependent kinase 4,73,73,0.9041,0.0137,AMBER
CDKN1A,Bladder Cancer;Cervical Cancer,bladder_cancer_inclusive,cyclin dependent kinase inhibitor 1A,29,29,0.931,0.0,AMBER
CDKN2A,Bladder Cancer;Brain Cancer;Breast Cancer;Cervical Cancer;Colorectal Cancer;Endometrial Cancer;Esophageal Cancer;Kidney Cancer;Leukemia;Liver Cancer;Lung Cancer;Lymphoma;Melanoma;Myeloma;Ovarian Cancer;Pancreatic Cancer;Stomach Cancer,bladder_cancer_inclusive,cyclin dependent kinase inhibitor 2A,91,91,1.0,0.0,AMBER
CDKN2B,Esophageal Cancer,esophageal_cancer_inclusive,cyclin dependent kinase inhibitor 2B,14,14,0.9286,0.0,AMBER
CDKN2C,Myeloma,myeloma_cancer_inclusive,cyclin dependent kinase inhibitor 2C,19,19,1.0,0.0,AMBER
CEBPA,Leukemia,leukemia_cancer_inclusive,CCAAT enhancer binding protein alpha,664,500,0.976,0.012,AMBER
CFTR,Pancreatic Cancer,pancreas_cancer_inclusive,CF transmembrane conductance regulator,50,50,1.0,0.0,AMBER
CHD1,Prostate Cancer,prostate_cancer_inclusive,chromodomain helicase DNA binding protein 1,60,60,1.0,0.0667,AMBER
CHEK1,Endometrial Cancer;Ovarian Cancer;Prostate Cancer,endometrial_cancer_inclusive,checkpoint kinase 1,4,4,1.0,0.25,AMBER
CHEK2,Bladder Cancer;Breast Cancer;Colorectal Cancer;Endometrial Cancer;Kidney Cancer;Ovarian Cancer;Pancreatic Cancer;Prostate Cancer;Stomach Cancer;Thyroid Cancer,bladder_cancer_inclusive,checkpoint kinase 2,13,13,1.0,0.0769,AMBER
CIC,Brain Cancer,brain_cancer_inclusive,capicua transcriptional repressor,74,74,1.0,0.0405,AMBER
CPD,Melanoma,melanoma_cancer_inclusive,carboxypeptidase D,24,24,0.9583,0.0,AMBER
CRBN,Myeloma,myeloma_cancer_inclusive,cereblon,102,102,1.0,0.7647,GREEN
CREBBP,Bladder Cancer;Lymphoma,bladder_cancer_inclusive,CREB binding lysine acetyltransferase,15,15,1.0,0.0,AMBER
CSF3R,Leukemia,leukemia_cancer_inclusive,colony stimulating factor 3 receptor,100,100,1.0,0.08,AMBER
CSMD3,Lung Cancer,lung_cancer_inclusive,CUB and Sushi multiple domains 3,14,14,1.0,0.1429,AMBER
CTLA4,Bladder Cancer;Melanoma,bladder_cancer_inclusive,cytotoxic T-lymphocyte associated protein 4,40,40,1.0,0.025,AMBER
CTNNA1,Stomach Cancer,stomach_cancer_inclusive,catenin alpha 1,41,41,1.0,0.0,AMBER
CTNNB1,Bladder Cancer;Brain Cancer;Cervical Cancer;Colorectal Cancer;Endometrial Cancer;Esophageal Cancer;Kidney Cancer;Liver Cancer;Lung Cancer;Lymphoma;Melanoma;Ovarian Cancer;Pancreatic Cancer;Prostate Cancer;Stomach Cancer;Thyroid Cancer,bladder_cancer_inclusive,catenin beta 1,20,20,0.9,0.05,AMBER
CXCR4,Lymphoma,lymphoma_cancer_inclusive,C-X-C motif chemokine receptor 4,236,236,1.0,0.0339,AMBER
CYLD,Myeloma,myeloma_cancer_inclusive,CYLD lysine 63 deubiquitinase,13,13,1.0,0.0,AMBER
CYP19A1,Breast Cancer,breast_cancer_inclusive,cytochrome P450 family 19 subfamily A member 1,135,135,1.0,0.0148,AMBER
CYSLTR2,Melanoma,melanoma_cancer_inclusive,cysteinyl leukotriene receptor 2,27,27,1.0,0.1111,AMBER
DAXX,Pancreatic Cancer,pancreas_cancer_inclusive,death domain associated protein,132,132,0.9924,0.0379,AMBER
DDIT3,Lymphoma,lymphoma_cancer_inclusive,DNA damage inducible transcript 3,6,6,1.0,0.0,AMBER
DGCR8,Kidney Cancer,kidney_cancer_inclusive,DGCR8 microprocessor complex subunit,13,13,1.0,0.0,AMBER
DICER1,Cervical Cancer;Kidney Cancer;Ovarian Cancer;Thyroid Cancer,cervical_cancer_inclusive,"dicer 1, ribonuclease III",13,13,1.0,0.0769,AMBER
DIS3,Myeloma,myeloma_cancer_inclusive,DIS3 exosome endoribonuclease and 3'-5' exoribonuclease,40,40,1.0,0.0,AMBER
DNMT3A,Leukemia;Lymphoma;Myeloma,leukemia_cancer_inclusive,DNA methyltransferase 3 alpha,803,500,0.958,0.01,AMBER
DROSHA,Kidney Cancer,kidney_cancer_inclusive,drosha ribonuclease III,19,19,0.8947,0.0,AMBER
EGF,Colorectal Cancer;Esophageal Cancer;Lung Cancer,colorectal_cancer_inclusive,epidermal growth factor,394,394,0.9949,0.5609,GREEN
EGFR,Bladder Cancer;Brain Cancer;Breast Cancer;Cervical Cancer;Colorectal Cancer;Endometrial Cancer;Esophageal Cancer;Liver Cancer;Lung Cancer;Melanoma;Pancreatic Cancer;Prostate Cancer;Stomach Cancer;Thyroid Cancer,bladder_cancer_inclusive,epidermal growth factor receptor,393,393,0.7939,0.3995,AMBER
EGR1,Myeloma,myeloma_cancer_inclusive,early growth response 1,11,11,0.9091,0.0,AMBER
EGR3,Breast Cancer,breast_cancer_inclusive,early growth response 3,19,19,1.0,0.1053,AMBER
EIF1AX,Melanoma;Thyroid Cancer,melanoma_cancer_inclusive,eukaryotic translation initiation factor 1A X-linked,56,56,1.0,0.0179,AMBER
ELAC2,Prostate Cancer,prostate_cancer_inclusive,elaC ribonuclease Z 2,60,60,0.9833,0.0167,AMBER
ELOC,Kidney Cancer,kidney_cancer_inclusive,elongin C,23,23,1.0,0.1304,AMBER
EML4,Lung Cancer,lung_cancer_inclusive,EMAP like 4,246,246,0.9878,0.0041,AMBER
EP300,Bladder Cancer;Cervical Cancer;Esophageal Cancer;Lymphoma,bladder_cancer_inclusive,EP300 lysine acetyltransferase,19,19,1.0,0.0,AMBER
EPCAM,Colorectal Cancer;Endometrial Cancer,colorectal_cancer_inclusive,epithelial cell adhesion molecule,385,385,0.3636,0.2857,RED
EPHA5,Lung Cancer,lung_cancer_inclusive,EPH receptor A5,21,21,0.8095,0.0476,AMBER
ERBB2,Bladder Cancer;Brain Cancer;Breast Cancer;Cervical Cancer;Colorectal Cancer;Endometrial Cancer;Esophageal Cancer;Liver Cancer;Lung Cancer;Ovarian Cancer;Pancreatic Cancer;Stomach Cancer,bladder_cancer_inclusive,erb-b2 receptor tyrosine kinase 2,139,139,0.8633,0.0288,AMBER
ERBB3,Bladder Cancer;Breast Cancer;Cervical Cancer;Stomach Cancer,bladder_cancer_inclusive,erb-b2 receptor tyrosine kinase 3,26,26,0.7692,0.0,AMBER
ERBB4,Esophageal Cancer;Lung Cancer;Melanoma,esophageal_cancer_inclusive,erb-b2 receptor tyrosine kinase 4,9,9,0.5556,0.1111,AMBER
ERCC2,Bladder Cancer,bladder_cancer_inclusive,"ERCC excision repair 2, TFIIH core complex helicase subunit",57,57,1.0,0.0,AMBER
ERG,Prostate Cancer,prostate_cancer_inclusive,ETS transcription factor ERG,998,500,0.998,0.02,AMBER
ESR1,Breast Cancer;Endometrial Cancer,breast_cancer_inclusive,estrogen receptor 1,1263,500,0.99,0.074,AMBER
ETV6,Leukemia;Thyroid Cancer,leukemia_cancer_inclusive,ETS variant transcription factor 6,468,468,0.9957,0.0021,AMBER
EZH1,Thyroid Cancer,thyroid_cancer_inclusive,enhancer of zeste 1 polycomb repressive complex 2 subunit,12,12,1.0,0.0,AMBER
EZH2,Leukemia;Lymphoma;Myeloma,leukemia_cancer_inclusive,enhancer of zeste 2 polycomb repressive complex 2 subunit,324,324,0.9599,0.0031,AMBER
F3,Lung Cancer,lung_cancer_inclusive,"coagulation factor III, tissue factor",117,117,1.0,0.0,AMBER
FAM3B,Lung Cancer,lung_cancer_inclusive,FAM3 metabolism regulating signaling molecule B,1,1,1.0,0.0,AMBER
FANCA,Prostate Cancer,prostate_cancer_inclusive,FA complementation group A,28,28,1.0,0.0,AMBER
FAP,Colorectal Cancer;Stomach Cancer;Thyroid Cancer,colorectal_cancer_inclusive,fibroblast activation protein alpha,1603,500,0.992,0.004,AMBER
FAS,Lymphoma;Thyroid Cancer,lymphoma_cancer_inclusive,Fas cell surface death receptor,326,326,0.2209,0.0031,RED
FASTK,Colorectal Cancer,colorectal_cancer_inclusive,Fas activated serine/threonine kinase,1,1,1.0,0.0,AMBER
FAT1,Cervical Cancer;Esophageal Cancer;Myeloma,cervical_cancer_inclusive,FAT atypical cadherin 1,8,8,1.0,0.0,AMBER
FBXW7,Cervical Cancer;Colorectal Cancer;Endometrial Cancer;Esophageal Cancer;Leukemia;Liver Cancer;Lymphoma,cervical_cancer_inclusive,F-box and WD repeat domain containing 7,25,25,1.0,0.04,AMBER
FGFR1,Bladder Cancer;Brain Cancer,bladder_cancer_inclusive,fibroblast growth factor receptor 1,46,46,1.0,0.1522,AMBER
FGFR2,Bladder Cancer;Cervical Cancer;Endometrial Cancer;Ovarian Cancer,bladder_cancer_inclusive,fibroblast growth factor receptor 2,50,50,1.0,0.08,AMBER
FGFR3,Bladder Cancer;Cervical Cancer;Kidney Cancer;Myeloma,bladder_cancer_inclusive,fibroblast growth factor receptor 3,563,500,1.0,0.214,AMBER
FGFR4,Cervical Cancer,cervical_cancer_inclusive,fibroblast growth factor receptor 4,8,8,1.0,0.25,AMBER
FH,Kidney Cancer,kidney_cancer_inclusive,fumarate hydratase,297,297,1.0,0.6667,GREEN
FLCN,Kidney Cancer,kidney_cancer_inclusive,folliculin,145,145,0.9931,0.469,GREEN
FLT3,Leukemia;Myeloma,leukemia_cancer_inclusive,fms related receptor tyrosine kinase 3,3030,500,0.962,0.0,AMBER
FOXA1,Prostate Cancer,prostate_cancer_inclusive,forkhead box A1,244,244,0.918,0.0615,AMBER
FOXD3,Cervical Cancer;Esophageal Cancer;Thyroid Cancer,cervical_cancer_inclusive,forkhead box D3,4,4,0.5,0.25,AMBER
FOXD3-AS1,Colorectal Cancer;Lung Cancer;Melanoma,colorectal_cancer_inclusive,FOXD3 antisense RNA 1,4,4,1.0,0.0,AMBER
FOXL2,Ovarian Cancer,ovarian_cancer_inclusive,forkhead box L2,190,190,0.9842,0.0895,AMBER
GABPA,Esophageal Cancer;Liver Cancer,esophageal_cancer_inclusive,GA binding protein transcription factor subunit alpha,2,2,1.0,0.0,AMBER
GATA2,Leukemia,leukemia_cancer_inclusive,GATA binding protein 2,217,217,0.9263,0.0276,AMBER
GATA3,Breast Cancer,breast_cancer_inclusive,GATA binding protein 3,508,500,0.996,0.058,AMBER
GNA11,Liver Cancer;Melanoma,liver_cancer_inclusive,G protein subunit alpha 11,15,15,1.0,0.0,AMBER
GNAQ,Liver Cancer;Melanoma,liver_cancer_inclusive,G protein subunit alpha q,22,22,1.0,0.0,AMBER
GNAS,Brain Cancer;Cervical Cancer;Colorectal Cancer;Pancreatic Cancer;Stomach Cancer;Thyroid Cancer,brain_cancer_inclusive,GNAS complex locus,74,74,1.0,0.0,AMBER
H3C3,Brain Cancer,brain_cancer_inclusive,H3 clustered histone 3,1,1,1.0,0.0,AMBER
HFE,Liver Cancer,liver_cancer_inclusive,homeostatic iron regulator,68,68,0.9853,0.0147,AMBER
HGS,Ovarian Cancer,ovarian_cancer_inclusive,hepatocyte growth factor-regulated tyrosine kinase substrate,45,45,1.0,0.0,AMBER
HIF1A,Kidney Cancer,kidney_cancer_inclusive,hypoxia inducible factor 1 subunit alpha,51,51,0.8627,0.0,AMBER
HLA-A,Cervical Cancer,cervical_cancer_inclusive,"major histocompatibility complex, class I, A",60,60,1.0,0.0,AMBER
HLA-B,Cervical Cancer,cervical_cancer_inclusive,"major histocompatibility complex, class I, B",38,38,1.0,0.0,AMBER
HNF1A,Liver Cancer,liver_cancer_inclusive,HNF1 homeobox A,71,71,0.9437,0.0141,AMBER
HNF4A,Liver Cancer,liver_cancer_inclusive,hepatocyte nuclear factor 4 alpha,65,65,0.8308,0.1231,AMBER
HOXB13,Prostate Cancer,prostate_cancer_inclusive,homeobox B13,218,218,0.9541,0.0688,AMBER
HP,Pancreatic Cancer,pancreas_cancer_inclusive,haptoglobin,58,58,0.8966,0.0172,AMBER
HRAS,Bladder Cancer;Brain Cancer;Cervical Cancer;Colorectal Cancer;Liver Cancer;Melanoma;Thyroid Cancer,bladder_cancer_inclusive,"HRas proto-oncogene, GTPase",78,78,0.9872,0.0128,AMBER
IDH1,Brain Cancer;Leukemia;Liver Cancer;Lung Cancer;Melanoma;Prostate Cancer,brain_cancer_inclusive,isocitrate dehydrogenase (NADP(+)) 1,1668,500,0.998,0.0,AMBER
IDH2,Brain Cancer;Leukemia;Lymphoma,brain_cancer_inclusive,isocitrate dehydrogenase (NADP(+)) 2,301,301,1.0,0.0,AMBER
IFI6,Melanoma,melanoma_cancer_inclusive,interferon alpha inducible protein 6,1,1,1.0,0.0,AMBER
IFNG,Bladder Cancer;Cervical Cancer;Melanoma,bladder_cancer_inclusive,interferon gamma,8,8,1.0,0.0,AMBER
IGF1,Brain Cancer,brain_cancer_inclusive,insulin like growth factor 1,61,61,0.9508,0.0,AMBER
IGF2,Kidney Cancer,kidney_cancer_inclusive,insulin like growth factor 2,72,72,0.9583,0.0,AMBER
IGH,Myeloma,myeloma_cancer_inclusive,immunoglobulin heavy locus,342,342,0.4737,0.0058,RED
IGLL5,Myeloma,myeloma_cancer_inclusive,immunoglobulin lambda like polypeptide 5,4,4,1.0,0.0,AMBER
IKZF1,Leukemia,leukemia_cancer_inclusive,IKAROS family zinc finger 1,457,457,0.9759,0.0263,AMBER
IL6,Lung Cancer;Myeloma,lung_cancer_inclusive,interleukin 6,184,184,0.9239,0.0761,AMBER
INS,Brain Cancer;Breast Cancer;Liver Cancer;Myeloma;Ovarian Cancer;Pancreatic Cancer,brain_cancer_inclusive,insulin,19,19,0.3158,0.1579,RED
IRF4,Myeloma,myeloma_cancer_inclusive,interferon regulatory factor 4,134,134,1.0,0.2015,AMBER
JAK1,Endometrial Cancer;Leukemia;Liver Cancer,endometrial_cancer_inclusive,Janus kinase 1,13,13,1.0,0.0769,AMBER
JAK2,Leukemia,leukemia_cancer_inclusive,Janus kinase 2,802,500,0.946,0.088,AMBER
JAK3,Leukemia;Lymphoma,leukemia_cancer_inclusive,Janus kinase 3,122,122,0.8689,0.1066,AMBER
KDM5C,Kidney Cancer,kidney_cancer_inclusive,lysine demethylase 5C,57,57,1.0,0.0175,AMBER
KDM6A,Bladder Cancer,bladder_cancer_inclusive,lysine demethylase 6A,64,64,0.9688,0.0469,AMBER
KDR,Esophageal Cancer;Melanoma,esophageal_cancer_inclusive,kinase insert domain receptor,7,7,1.0,0.1429,AMBER
KEAP1,Esophageal Cancer;Liver Cancer;Lung Cancer,esophageal_cancer_inclusive,kelch like ECH associated protein 1,16,16,0.5,0.0625,AMBER
KIAA1549,Brain Cancer,brain_cancer_inclusive,KIAA1549,60,60,1.0,1.0,GREEN
KIT,Bladder Cancer;Brain Cancer;Breast Cancer;Cervical Cancer;Colorectal Cancer;Endometrial Cancer;Esophageal Cancer;Kidney Cancer;Leukemia;Liver Cancer;Lung Cancer;Melanoma;Myeloma;Ovarian Cancer;Pancreatic Cancer;Stomach Cancer;Thyroid Cancer,bladder_cancer_inclusive,"KIT proto-oncogene, receptor tyrosine kinase",145,145,0.131,0.0,RED
KLF6,Prostate Cancer,prostate_cancer_inclusive,KLF transcription factor 6,29,29,1.0,0.0,AMBER
KMT2A,Leukemia;Myeloma,leukemia_cancer_inclusive,lysine methyltransferase 2A,517,500,0.99,0.044,AMBER
KMT2B,Cervical Cancer;Lymphoma,cervical_cancer_inclusive,lysine methyltransferase 2B,2,2,1.0,0.5,GREEN
KMT2C,Bladder Cancer;Cervical Cancer;Lung Cancer;Lymphoma;Prostate Cancer;Stomach Cancer,bladder_cancer_inclusive,lysine methyltransferase 2C,12,12,0.9167,0.0,AMBER
KMT2D,Bladder Cancer;Cervical Cancer;Colorectal Cancer;Esophageal Cancer;Liver Cancer;Lymphoma;Myeloma;Prostate Cancer;Stomach Cancer,bladder_cancer_inclusive,lysine methyltransferase 2D,36,36,0.9722,0.0,AMBER
KRAS,Bladder Cancer;Brain Cancer;Breast Cancer;Cervical Cancer;Colorectal Cancer;Endometrial Cancer;Esophageal Cancer;Kidney Cancer;Leukemia;Liver Cancer;Lung Cancer;Lymphoma;Melanoma;Myeloma;Ovarian Cancer;Pancreatic Cancer;Prostate Cancer;Stomach Cancer;Thyroid Cancer,bladder_cancer_inclusive,"KRAS proto-oncogene, GTPase",75,75,0.9467,0.0133,AMBER
KRIT1,Brain Cancer,brain_cancer_inclusive,KRIT1 ankyrin repeat containing,19,19,0.8947,0.0,AMBER
LGALS3,Thyroid Cancer,thyroid_cancer_inclusive,galectin 3,20,20,0.95,0.0,AMBER
LRP1B,Cervical Cancer;Melanoma;Stomach Cancer,cervical_cancer_inclusive,LDL receptor related protein 1B,5,5,1.0,0.0,AMBER
LTB,Myeloma,myeloma_cancer_inclusive,lymphotoxin beta,4,4,1.0,0.0,AMBER
MAF,Myeloma,myeloma_cancer_inclusive,MAF bZIP transcription factor,77,77,0.9091,0.0,AMBER
MAP2K1,Colorectal Cancer;Lung Cancer;Melanoma;Thyroid Cancer,colorectal_cancer_inclusive,mitogen-activated protein kinase kinase 1,43,43,1.0,0.0,AMBER
MAP2K4,Breast Cancer,breast_cancer_inclusive,mitogen-activated protein kinase kinase 4,35,35,1.0,0.0571,AMBER
MAP3K1,Breast Cancer,breast_cancer_inclusive,mitogen-activated protein kinase kinase kinase 1,126,126,0.9762,0.0317,AMBER
MC1R,Melanoma,melanoma_cancer_inclusive,melanocortin 1 receptor,407,407,0.973,0.2678,AMBER
MCL1,Myeloma,myeloma_cancer_inclusive,"MCL1 apoptosis regulator, BCL2 family member",43,43,0.9535,0.0,AMBER
MDM2,Bladder Cancer;Cervical Cancer;Esophageal Cancer,bladder_cancer_inclusive,MDM2 proto-oncogene,87,87,0.8736,0.023,AMBER
MED12,Breast Cancer;Prostate Cancer,breast_cancer_inclusive,mediator complex subunit 12,67,67,1.0,0.1194,AMBER
MEF2B,Lymphoma,lymphoma_cancer_inclusive,myocyte enhancer factor 2B,40,40,1.0,0.15,AMBER
MEN1,Brain Cancer;Liver Cancer;Pancreatic Cancer,brain_cancer_inclusive,menin 1,208,208,0.9904,0.0,AMBER
MET,Brain Cancer;Breast Cancer;Colorectal Cancer;Esophageal Cancer;Kidney Cancer;Liver Cancer;Lung Cancer;Ovarian Cancer;Pancreatic Cancer;Stomach Cancer;Thyroid Cancer,brain_cancer_inclusive,"MET proto-oncogene, receptor tyrosine kinase",1608,500,0.276,0.004,RED
MGMT,Brain Cancer;Esophageal Cancer,brain_cancer_inclusive,O-6-methylguanine-DNA methyltransferase,2058,500,0.998,0.038,AMBER
MIR21,Thyroid Cancer,thyroid_cancer_inclusive,microRNA 21,2,2,0.0,0.0,RED
MKI67,Bladder Cancer;Brain Cancer;Breast Cancer;Cervical Cancer;Endometrial Cancer;Esophageal Cancer;Liver Cancer;Ovarian Cancer;Pancreatic Cancer;Prostate Cancer;Stomach Cancer;Thyroid Cancer,bladder_cancer_inclusive,marker of proliferation Ki-67,15,15,1.0,0.1333,AMBER
MLH1,Bladder Cancer;Brain Cancer;Breast Cancer;Cervical Cancer;Colorectal Cancer;Endometrial Cancer;Esophageal Cancer;Kidney Cancer;Liver Cancer;Ovarian Cancer;Pancreatic Cancer;Prostate Cancer;Stomach Cancer,bladder_cancer_inclusive,mutL homolog 1,47,47,1.0,0.0426,AMBER
MPL,Leukemia,leukemia_cancer_inclusive,"MPL proto-oncogene, thrombopoietin receptor",118,118,0.8898,0.0,AMBER
MSH2,Bladder Cancer;Brain Cancer;Breast Cancer;Cervical Cancer;Colorectal Cancer;Endometrial Cancer;Esophageal Cancer;Kidney Cancer;Liver Cancer;Lymphoma;Ovarian Cancer;Pancreatic Cancer;Prostate Cancer;Stomach Cancer,bladder_cancer_inclusive,mutS homolog 2,53,53,1.0,0.0377,AMBER
MSH6,Bladder Cancer;Brain Cancer;Breast Cancer;Colorectal Cancer;Endometrial Cancer;Ovarian Cancer;Pancreatic Cancer;Prostate Cancer,bladder_cancer_inclusive,mutS homolog 6,33,33,1.0,0.0303,AMBER
MSR1,Prostate Cancer,prostate_cancer_inclusive,macrophage scavenger receptor 1,48,48,1.0,0.3125,GREEN
MTOR,Bladder Cancer;Breast Cancer;Cervical Cancer;Colorectal Cancer;Endometrial Cancer;Kidney Cancer;Melanoma;Pancreatic Cancer;Thyroid Cancer,bladder_cancer_inclusive,mechanistic target of rapamycin kinase,297,297,0.0236,0.0,RED
MTUS1,Bladder Cancer;Lung Cancer,bladder_cancer_inclusive,microtubule associated scaffold protein 1,2,2,1.0,0.0,AMBER
MTUS2,Stomach Cancer,stomach_cancer_inclusive,microtubule associated scaffold protein 2,2,2,1.0,0.0,AMBER
MUC16,Melanoma;Ovarian Cancer;Stomach Cancer,melanoma_cancer_inclusive,"mucin 16, cell surface associated",11,11,0.9091,0.0,AMBER
MUC6,Stomach Cancer,stomach_cancer_inclusive,"mucin 6, oligomeric mucus/gel-forming (gene/pseudogene)",218,218,0.9908,0.0,AMBER
MUTYH,Colorectal Cancer;Prostate Cancer,colorectal_cancer_inclusive,mutY DNA glycosylase,335,335,0.9701,0.0119,AMBER
MYC,Cervical Cancer;Endometrial Cancer;Esophageal Cancer;Liver Cancer;Lymphoma;Myeloma;Ovarian Cancer;Pancreatic Cancer;Prostate Cancer,cervical_cancer_inclusive,"MYC proto-oncogene, bHLH transcription factor",75,75,0.7467,0.0,AMBER
MYD88,Leukemia;Lymphoma;Myeloma,leukemia_cancer_inclusive,MYD88 innate immune signal transduction adaptor,106,106,0.7642,0.0,AMBER
MYH11,Leukemia,leukemia_cancer_inclusive,myosin heavy chain 11,144,144,1.0,0.0208,AMBER
NBN,Breast Cancer;Ovarian Cancer;Prostate Cancer;Stomach Cancer,breast_cancer_inclusive,nibrin,99,99,0.9899,0.0505,AMBER
NBR1,Ovarian Cancer,ovarian_cancer_inclusive,NBR1 autophagy cargo receptor,3,3,1.0,0.0,AMBER
NCOA4,Thyroid Cancer,thyroid_cancer_inclusive,nuclear receptor coactivator 4,13,13,1.0,0.0769,AMBER
NF1,Brain Cancer;Breast Cancer;Colorectal Cancer;Lung Cancer;Melanoma;Thyroid Cancer,brain_cancer_inclusive,neurofibromin 1,416,416,0.9399,0.0072,AMBER
NFE2L2,Cervical Cancer;Esophageal Cancer;Liver Cancer;Lung Cancer,cervical_cancer_inclusive,NFE2 like bZIP transcription factor 2,5,5,1.0,0.0,AMBER
NFKB1,Lymphoma;Myeloma,lymphoma_cancer_inclusive,nuclear factor kappa B subunit 1,13,13,0.9231,0.0,AMBER
NKX2-1,Lung Cancer;Thyroid Cancer,lung_cancer_inclusive,NK2 homeobox 1,132,132,0.9242,0.0833,AMBER
NODAL,Lymphoma;Thyroid Cancer,lymphoma_cancer_inclusive,nodal growth differentiation factor,2229,500,0.002,0.0,RED
NOTCH1,Cervical Cancer;Esophageal Cancer;Leukemia;Lymphoma,cervical_cancer_inclusive,notch receptor 1,54,54,0.3148,0.0,RED
NOTCH2,Lymphoma,lymphoma_cancer_inclusive,notch receptor 2,88,88,0.9205,0.0114,AMBER
NPM1,Leukemia,leukemia_cancer_inclusive,nucleophosmin 1,1579,500,1.0,0.094,AMBER
NR4A3,Lung Cancer,lung_cancer_inclusive,nuclear receptor subfamily 4 group A member 3,9,9,1.0,0.1111,AMBER
NRAS,Bladder Cancer;Brain Cancer;Cervical Cancer;Colorectal Cancer;Endometrial Cancer;Esophageal Cancer;Leukemia;Liver Cancer;Lung Cancer;Lymphoma;Melanoma;Myeloma;Ovarian Cancer;Pancreatic Cancer;Thyroid Cancer,bladder_cancer_inclusive,"NRAS proto-oncogene, GTPase",24,24,1.0,0.0,AMBER
NSD2,Myeloma,myeloma_cancer_inclusive,nuclear receptor binding SET domain protein 2,34,34,0.9706,0.0294,AMBER
NTRK1,Thyroid Cancer,thyroid_cancer_inclusive,neurotrophic receptor tyrosine kinase 1,75,75,1.0,0.0,AMBER
NTRK3,Thyroid Cancer,thyroid_cancer_inclusive,neurotrophic receptor tyrosine kinase 3,51,51,1.0,0.0196,AMBER
PALB2,Breast Cancer;Colorectal Cancer;Endometrial Cancer;Ovarian Cancer;Pancreatic Cancer;Prostate Cancer;Stomach Cancer,breast_cancer_inclusive,partner and localizer of BRCA2,645,500,0.998,0.054,AMBER
PARP1,Breast Cancer;Lung Cancer;Ovarian Cancer;Pancreatic Cancer;Prostate Cancer;Stomach Cancer,breast_cancer_inclusive,poly(ADP-ribose) polymerase 1,308,308,0.9935,0.0682,AMBER
PAX6,Kidney Cancer,kidney_cancer_inclusive,paired box 6,39,39,1.0,0.0,AMBER
PAX8,Thyroid Cancer,thyroid_cancer_inclusive,paired box 8,261,261,0.9042,0.0383,AMBER
PBRM1,Kidney Cancer,kidney_cancer_inclusive,polybromo 1,246,246,0.9878,0.0407,AMBER
PDCD1,Bladder Cancer;Brain Cancer;Cervical Cancer;Colorectal Cancer;Endometrial Cancer;Esophageal Cancer;Kidney Cancer;Liver Cancer;Lung Cancer;Lymphoma;Melanoma;Pancreatic Cancer;Prostate Cancer;Stomach Cancer,bladder_cancer_inclusive,programmed cell death 1,12,12,0.9167,0.0833,AMBER
PDGFRA,Brain Cancer;Breast Cancer;Colorectal Cancer;Esophageal Cancer;Liver Cancer;Melanoma;Stomach Cancer,brain_cancer_inclusive,platelet derived growth factor receptor alpha,248,248,0.9597,0.0121,AMBER
PGR,Breast Cancer;Endometrial Cancer;Ovarian Cancer,breast_cancer_inclusive,progesterone receptor,1227,500,0.2,0.586,RED
PHF6,Leukemia,leukemia_cancer_inclusive,PHD finger protein 6,97,97,0.9897,0.0103,AMBER
PIK3CA,Bladder Cancer;Brain Cancer;Breast Cancer;Cervical Cancer;Colorectal Cancer;Endometrial Cancer;Esophageal Cancer;Kidney Cancer;Liver Cancer;Lung Cancer;Lymphoma;Melanoma;Myeloma;Ovarian Cancer;Pancreatic Cancer;Prostate Cancer;Stomach Cancer;Thyroid Cancer,bladder_cancer_inclusive,"phosphatidylinositol-4,5-bisphosphate 3-kinase catalytic subunit alpha",137,137,0.9927,0.0,AMBER
PIK3R1,Brain Cancer;Breast Cancer;Endometrial Cancer;Ovarian Cancer,brain_cancer_inclusive,phosphoinositide-3-kinase regulatory subunit 1,33,33,1.0,0.0,AMBER
PIM1,Lymphoma,lymphoma_cancer_inclusive,"Pim-1 proto-oncogene, serine/threonine kinase",108,108,0.9444,0.0,AMBER
PKHD1,Colorectal Cancer,colorectal_cancer_inclusive,PKHD1 ciliary IPT domain containing fibrocystin/polyductin,7,7,1.0,0.0,AMBER
PLCB4,Melanoma,melanoma_cancer_inclusive,phospholipase C beta 4,19,19,1.0,0.0526,AMBER
PLEKHS1,Thyroid Cancer,thyroid_cancer_inclusive,pleckstrin homology domain containing S1,3,3,1.0,0.0,AMBER
PMEL,Melanoma,melanoma_cancer_inclusive,premelanosome protein,49,49,0.6122,0.1224,AMBER
PMS1,Colorectal Cancer,colorectal_cancer_inclusive,"PMS1 homolog 1, mismatch repair system component",50,50,0.98,0.0,AMBER
PMS2,Brain Cancer;Colorectal Cancer;Endometrial Cancer;Ovarian Cancer;Pancreatic Cancer;Prostate Cancer,brain_cancer_inclusive,"PMS1 homolog 2, mismatch repair system component",198,198,0.9949,0.0,AMBER
POLD1,Colorectal Cancer;Endometrial Cancer,colorectal_cancer_inclusive,"DNA polymerase delta 1, catalytic subunit",95,95,1.0,0.0,AMBER
POLE,Brain Cancer;Colorectal Cancer;Endometrial Cancer;Ovarian Cancer,brain_cancer_inclusive,"DNA polymerase epsilon, catalytic subunit",104,104,0.3462,0.0,RED
POMC,Brain Cancer,brain_cancer_inclusive,proopiomelanocortin,72,72,0.9583,0.4444,GREEN
POT1,Melanoma,melanoma_cancer_inclusive,protection of telomeres 1,52,52,1.0,0.1538,AMBER
PPARG,Thyroid Cancer,thyroid_cancer_inclusive,peroxisome proliferator activated receptor gamma,48,48,0.8125,0.0,AMBER
PPM1D,Brain Cancer,brain_cancer_inclusive,"protein phosphatase, Mg2+/Mn2+ dependent 1D",19,19,1.0,0.0,AMBER
PPP2R1A,Endometrial Cancer;Ovarian Cancer,endometrial_cancer_inclusive,protein phosphatase 2 scaffold subunit Aalpha,42,42,1.0,0.0,AMBER
PPP6C,Melanoma,melanoma_cancer_inclusive,protein phosphatase 6 catalytic subunit,12,12,1.0,0.0,AMBER
PRAME,Melanoma,melanoma_cancer_inclusive,PRAME nuclear receptor transcriptional regulator,224,224,0.9955,0.0,AMBER
PRCC,Kidney Cancer,kidney_cancer_inclusive,proline rich mitotic checkpoint control factor,592,500,0.466,0.0,RED
PRDM1,Myeloma,myeloma_cancer_inclusive,PR/SET domain 1,18,18,1.0,0.0,AMBER
PREX2,Melanoma,melanoma_cancer_inclusive,"phosphatidylinositol-3,4,5-trisphosphate dependent Rac exchange factor 2",12,12,1.0,0.0,AMBER
PRL,Brain Cancer,brain_cancer_inclusive,prolactin,686,500,0.99,0.844,GREEN
PROX1,Esophageal Cancer,esophageal_cancer_inclusive,prospero homeobox 1,4,4,0.5,0.5,AMBER
PRSS1,Pancreatic Cancer,pancreas_cancer_inclusive,serine protease 1,57,57,1.0,0.0351,AMBER
PSMB5,Myeloma,myeloma_cancer_inclusive,proteasome 20S subunit beta 5,15,15,1.0,0.0667,AMBER
PTCH1,Brain Cancer,brain_cancer_inclusive,patched 1,136,136,0.6618,0.0441,AMBER
PTEN,Bladder Cancer;Brain Cancer;Breast Cancer;Cervical Cancer;Colorectal Cancer;Endometrial Cancer;Esophageal Cancer;Kidney Cancer;Liver Cancer;Lung Cancer;Lymphoma;Melanoma;Ovarian Cancer;Pancreatic Cancer;Prostate Cancer;Stomach Cancer;Thyroid Cancer,bladder_cancer_inclusive,phosphatase and tensin homolog,186,186,0.9409,0.1828,AMBER
PTPN11,Brain Cancer;Leukemia,brain_cancer_inclusive,protein tyrosine phosphatase non-receptor type 11,25,25,1.0,0.0,AMBER
PTPRD,Melanoma,melanoma_cancer_inclusive,protein tyrosine phosphatase receptor type D,7,7,1.0,0.0,AMBER
RAC1,Melanoma,melanoma_cancer_inclusive,Rac family small GTPase 1,140,140,0.4929,0.0,RED
RAD50,Ovarian Cancer;Stomach Cancer,ovarian_cancer_inclusive,RAD50 double strand break repair protein,44,44,0.9091,0.0,AMBER
RAD51,Breast Cancer;Ovarian Cancer;Prostate Cancer,breast_cancer_inclusive,RAD51 recombinase,434,434,0.8364,0.03,AMBER
RAD51C,Breast Cancer;Endometrial Cancer;Ovarian Cancer;Prostate Cancer;Stomach Cancer,breast_cancer_inclusive,RAD51 paralog C,225,225,0.9778,0.0089,AMBER
RAD51D,Breast Cancer;Colorectal Cancer;Endometrial Cancer;Ovarian Cancer;Pancreatic Cancer,breast_cancer_inclusive,RAD51 paralog D,149,149,1.0,0.0,AMBER
RAF1,Thyroid Cancer,thyroid_cancer_inclusive,"Raf-1 proto-oncogene, serine/threonine kinase",3,3,0.6667,0.0,AMBER
RARA,Leukemia,leukemia_cancer_inclusive,retinoic acid receptor alpha,310,310,0.9387,0.1645,AMBER
RB1,Bladder Cancer;Brain Cancer;Breast Cancer;Cervical Cancer;Esophageal Cancer;Kidney Cancer;Liver Cancer;Lung Cancer;Myeloma;Pancreatic Cancer;Prostate Cancer,bladder_cancer_inclusive,RB transcriptional corepressor 1,145,145,0.9793,0.0,AMBER
REST,Thyroid Cancer,thyroid_cancer_inclusive,RE1 silencing transcription factor,136,136,0.0074,0.0,RED
RET,Lung Cancer;Thyroid Cancer,lung_cancer_inclusive,ret proto-oncogene,811,500,0.974,0.054,AMBER
RHBDF2,Esophageal Cancer,esophageal_cancer_inclusive,rhomboid 5 homolog 2,9,9,0.8889,0.0,AMBER
RHOA,Lymphoma;Stomach Cancer,lymphoma_cancer_inclusive,ras homolog family member A,141,141,0.8511,0.0426,AMBER
RNASEL,Prostate Cancer,prostate_cancer_inclusive,ribonuclease L,84,84,0.9286,0.119,AMBER
RNF43,Colorectal Cancer;Pancreatic Cancer;Stomach Cancer,colorectal_cancer_inclusive,ring finger protein 43,116,116,0.9828,0.069,AMBER
ROS1,Lung Cancer,lung_cancer_inclusive,"ROS proto-oncogene 1, receptor tyrosine kinase",1232,500,0.996,0.022,AMBER
RUNX1,Leukemia,leukemia_cancer_inclusive,RUNX family transcription factor 1,1274,500,0.972,0.002,AMBER
RUNX1T1,Leukemia,leukemia_cancer_inclusive,RUNX1 partner transcriptional co-repressor 1,117,117,1.0,0.0,AMBER
SART3,Breast Cancer,breast_cancer_inclusive,"spliceosome associated factor 3, U4/U6 recycling protein",4,4,1.0,0.0,AMBER
SCT,Pancreatic Cancer,pancreas_cancer_inclusive,secretin,22,22,0.9091,0.0,AMBER
SDC1,Myeloma,myeloma_cancer_inclusive,syndecan 1,9,9,0.8889,0.0,AMBER
SDHA,Kidney Cancer,kidney_cancer_inclusive,succinate dehydrogenase complex flavoprotein subunit A,31,31,1.0,0.0,AMBER
SDHB,Bladder Cancer;Kidney Cancer;Stomach Cancer,bladder_cancer_inclusive,succinate dehydrogenase complex iron sulfur subunit B,13,13,1.0,0.0,AMBER
SDHC,Kidney Cancer,kidney_cancer_inclusive,succinate dehydrogenase complex subunit C,21,21,1.0,0.0,AMBER
SDHD,Kidney Cancer,kidney_cancer_inclusive,succinate dehydrogenase complex subunit D,27,27,1.0,0.0,AMBER
SETD2,Brain Cancer;Kidney Cancer,brain_cancer_inclusive,"SET domain containing 2, histone lysine methyltransferase",18,18,1.0,0.0,AMBER
SF3B1,Leukemia;Melanoma;Myeloma,leukemia_cancer_inclusive,splicing factor 3b subunit 1,330,330,0.997,0.0394,AMBER
SHH,Brain Cancer,brain_cancer_inclusive,sonic hedgehog signaling molecule,665,500,0.816,0.0,AMBER
SLC33A1,Liver Cancer,liver_cancer_inclusive,solute carrier family 33 member 1,1,1,1.0,0.0,AMBER
SMAD4,Cervical Cancer;Colorectal Cancer;Esophageal Cancer;Kidney Cancer;Liver Cancer;Pancreatic Cancer;Stomach Cancer,cervical_cancer_inclusive,SMAD family member 4,20,20,0.6,0.0,AMBER
SMARCA4,Endometrial Cancer;Esophageal Cancer;Lung Cancer;Ovarian Cancer,endometrial_cancer_inclusive,SWI/SNF related BAF chromatin remodeling complex subunit ATPase 4,40,40,1.0,0.0,AMBER
SMARCB1,Endometrial Cancer;Kidney Cancer;Stomach Cancer,endometrial_cancer_inclusive,SWI/SNF related BAF chromatin remodeling complex subunit B1,24,24,1.0,0.0,AMBER
SOCS1,Lymphoma,lymphoma_cancer_inclusive,suppressor of cytokine signaling 1,75,75,0.96,0.0267,AMBER
SPINK1,Pancreatic Cancer,pancreas_cancer_inclusive,serine peptidase inhibitor Kazal type 1,54,54,1.0,0.0185,AMBER
SPN,Pancreatic Cancer,pancreas_cancer_inclusive,sialophorin,249,249,1.0,0.0,AMBER
SPOP,Endometrial Cancer;Prostate Cancer,endometrial_cancer_inclusive,speckle type BTB/POZ protein,19,19,1.0,0.0,AMBER
SRSF2,Leukemia,leukemia_cancer_inclusive,serine and arginine rich splicing factor 2,263,263,0.9962,0.0038,AMBER
STAG2,Bladder Cancer;Leukemia,bladder_cancer_inclusive,STAG2 cohesin complex component,32,32,0.9688,0.0,AMBER
STAT3,Lymphoma;Myeloma,lymphoma_cancer_inclusive,signal transducer and activator of transcription 3,539,500,0.94,0.146,AMBER
STK11,Breast Cancer;Cervical Cancer;Lung Cancer;Pancreatic Cancer;Stomach Cancer;Thyroid Cancer,breast_cancer_inclusive,serine/threonine kinase 11,106,106,1.0,0.0283,AMBER
SUFU,Brain Cancer,brain_cancer_inclusive,SUFU negative regulator of hedgehog signaling,65,65,0.8308,0.0,AMBER
TACC3,Bladder Cancer,bladder_cancer_inclusive,transforming acidic coiled-coil containing protein 3,13,13,1.0,0.1538,AMBER
TBL1XR1,Lymphoma,lymphoma_cancer_inclusive,TBL1X/Y related 1,40,40,0.975,0.0,AMBER
TENT5C,Myeloma,myeloma_cancer_inclusive,terminal nucleotidyltransferase 5C,3,3,1.0,0.0,AMBER
TERT,Bladder Cancer;Brain Cancer;Cervical Cancer;Kidney Cancer;Liver Cancer;Melanoma;Ovarian Cancer;Prostate Cancer;Thyroid Cancer,bladder_cancer_inclusive,telomerase reverse transcriptase,159,159,0.9937,0.3145,GREEN
TET2,Esophageal Cancer;Leukemia;Lung Cancer;Lymphoma;Myeloma,esophageal_cancer_inclusive,tet methylcytosine dioxygenase 2,11,11,1.0,0.0,AMBER
TG,Thyroid Cancer,thyroid_cancer_inclusive,thyroglobulin,1459,500,0.112,0.852,RED
TMPRSS2,Prostate Cancer,prostate_cancer_inclusive,transmembrane serine protease 2,574,500,0.994,0.036,AMBER
TNFAIP3,Lymphoma,lymphoma_cancer_inclusive,TNF alpha induced protein 3,135,135,1.0,0.0,AMBER
TNFRSF11A,Breast Cancer;Colorectal Cancer;Kidney Cancer;Lung Cancer;Lymphoma;Melanoma;Prostate Cancer;Stomach Cancer,breast_cancer_inclusive,TNF receptor superfamily member 11a,10,10,0.9,0.0,AMBER
TNFRSF13B,Myeloma,myeloma_cancer_inclusive,TNF receptor superfamily member 13B,6,6,1.0,0.0,AMBER
TNFRSF14,Lymphoma,lymphoma_cancer_inclusive,TNF receptor superfamily member 14,74,74,1.0,0.0,AMBER
TP53,Bladder Cancer;Brain Cancer;Breast Cancer;Cervical Cancer;Colorectal Cancer;Endometrial Cancer;Esophageal Cancer;Kidney Cancer;Leukemia;Liver Cancer;Lung Cancer;Lymphoma;Melanoma;Myeloma;Ovarian Cancer;Pancreatic Cancer;Prostate Cancer;Stomach Cancer;Thyroid Cancer,bladder_cancer_inclusive,tumor protein p53,413,413,0.9685,0.0073,AMBER
TPO,Thyroid Cancer,thyroid_cancer_inclusive,thyroid peroxidase,147,147,0.9932,0.3946,GREEN
TRAF3,Myeloma,myeloma_cancer_inclusive,TNF receptor associated factor 3,27,27,1.0,0.0,AMBER
TSC1,Bladder Cancer;Kidney Cancer,bladder_cancer_inclusive,TSC complex subunit 1,44,44,1.0,0.0,AMBER
TSC2,Bladder Cancer;Kidney Cancer;Liver Cancer;Pancreatic Cancer,bladder_cancer_inclusive,TSC complex subunit 2,10,10,1.0,0.0,AMBER
TSHR,Thyroid Cancer,thyroid_cancer_inclusive,thyroid stimulating hormone receptor,219,219,0.9406,0.0959,AMBER
TTN,Bladder Cancer;Liver Cancer;Ovarian Cancer;Stomach Cancer,bladder_cancer_inclusive,titin,7,7,1.0,0.0,AMBER
TTR,Liver Cancer,liver_cancer_inclusive,transthyretin,148,148,1.0,0.0878,AMBER
TYMS,Lung Cancer,lung_cancer_inclusive,thymidylate synthetase,71,71,0.9859,0.1268,AMBER
TYR,Thyroid Cancer,thyroid_cancer_inclusive,tyrosinase,20,20,0.0,0.0,RED
U2AF1,Leukemia,leukemia_cancer_inclusive,U2 small nuclear RNA auxiliary factor 1,138,138,1.0,0.0362,AMBER
VHL,Kidney Cancer;Pancreatic Cancer,kidney_cancer_inclusive,von Hippel-Lindau tumor suppressor,1489,500,0.988,0.072,AMBER
VIM,Kidney Cancer,kidney_cancer_inclusive,vimentin,28,28,0.8214,0.5714,AMBER
WT1,Kidney Cancer;Leukemia,kidney_cancer_inclusive,WT1 transcription factor,506,500,0.988,0.0,AMBER
YY1,Cervical Cancer;Pancreatic Cancer,cervical_cancer_inclusive,YY1 transcription factor,18,18,1.0,0.0,AMBER
ZFHX3,Lung Cancer,lung_cancer_inclusive,zinc finger homeobox 3,10,10,1.0,0.1,AMBER
ZNF750,Esophageal Cancer,esophageal_cancer_inclusive,zinc finger protein 750,16,16,1.0,0.125,AMBER
ZRSR2,Leukemia,leukemia_cancer_inclusive,"zinc finger CCCH-type, RNA binding motif and serine/arginine rich 2",44,44,1.0,0.0227,AMBER
