cancer,OD@5,Freq@5,Δ@5,OD@10,Freq@10,Δ@10,OD@15,Freq@15,Δ@15,OD@20,Freq@20,Δ@20,OD@30,Freq@30,Δ@30,OD@40,Freq@40,Δ@40,OD@50,Freq@50,Δ@50
Bladder Cancer,1.0,0.6,40.0,1.0,0.6,40.0,1.0,0.4666666666666667,53.333333333333336,0.95,0.35,60.0,0.8666666666666667,0.4,46.666666666666664,0.85,0.375,47.5,0.78,0.38,40.0
Brain Cancer,1.0,0.4,60.0,0.9,0.3,60.00000000000001,0.7333333333333333,0.4666666666666667,26.66666666666666,0.65,0.35,30.000000000000004,0.6666666666666666,0.36666666666666664,30.0,0.675,0.4,27.500000000000004,0.68,0.38,30.000000000000004
Breast Cancer,1.0,0.6,40.0,1.0,0.6,40.0,0.8,0.4666666666666667,33.333333333333336,0.7,0.45,24.999999999999993,0.6666666666666666,0.4,26.66666666666666,0.675,0.35,32.50000000000001,0.64,0.34,30.0
Cervical Cancer,1.0,0.4,60.0,1.0,0.3,70.0,1.0,0.3333333333333333,66.66666666666667,1.0,0.35,65.0,0.8666666666666667,0.26666666666666666,60.00000000000001,0.875,0.35,52.5,0.86,0.32,54.0
Colorectal Cancer,0.8,0.8,0.0,0.7,0.6,9.999999999999998,0.7333333333333333,0.4,33.33333333333333,0.7,0.35,35.0,0.7333333333333333,0.36666666666666664,36.666666666666664,0.7,0.35,35.0,0.68,0.34,34.0
Endometrial Cancer,0.8,0.6,20.000000000000007,0.7,0.5,19.999999999999996,0.8,0.4666666666666667,33.333333333333336,0.85,0.5,35.0,0.8333333333333334,0.4,43.333333333333336,0.775,0.425,35.0,0.74,0.44,30.0
Esophageal Cancer,1.0,0.4,60.0,1.0,0.4,60.0,1.0,0.3333333333333333,66.66666666666667,0.95,0.35,60.0,0.8666666666666667,0.36666666666666664,50.0,0.85,0.375,47.5,0.76,0.34,42.0
Kidney Cancer,0.8,0.8,0.0,0.9,0.5,40.0,0.8666666666666667,0.4666666666666667,40.0,0.9,0.4,50.0,0.7666666666666667,0.36666666666666664,40.00000000000001,0.75,0.425,32.5,0.68,0.4,28.000000000000004
Leukemia,1.0,0.6,40.0,1.0,0.4,60.0,1.0,0.4666666666666667,53.333333333333336,1.0,0.45,55.00000000000001,0.9666666666666667,0.5333333333333333,43.333333333333336,0.95,0.55,39.99999999999999,0.92,0.54,38.0
Liver Cancer,1.0,0.0,100.0,1.0,0.3,70.0,0.8666666666666667,0.3333333333333333,53.33333333333334,0.85,0.3,55.00000000000001,0.8666666666666667,0.23333333333333334,63.33333333333333,0.775,0.225,55.00000000000001,0.74,0.26,48.0
Lung Cancer,1.0,0.8,19.999999999999996,1.0,0.5,50.0,0.9333333333333333,0.5333333333333333,40.0,0.8,0.5,30.000000000000004,0.7666666666666667,0.43333333333333335,33.333333333333336,0.75,0.425,32.5,0.7,0.4,29.999999999999993
Lymphoma,1.0,0.2,80.0,1.0,0.2,80.0,1.0,0.26666666666666666,73.33333333333334,1.0,0.4,60.0,0.9333333333333333,0.4,53.333333333333336,0.9,0.375,52.5,0.86,0.36,50.0
Melanoma,1.0,0.4,60.0,0.9,0.3,60.00000000000001,0.9333333333333333,0.26666666666666666,66.66666666666667,0.95,0.3,64.99999999999999,0.9333333333333333,0.36666666666666664,56.666666666666664,0.8,0.325,47.5,0.76,0.32,44.0
Myeloma,1.0,0.0,100.0,0.8,0.2,60.00000000000001,0.8,0.2,60.00000000000001,0.85,0.25,60.0,0.8,0.3,50.0,0.7,0.325,37.49999999999999,0.7,0.34,35.99999999999999
Ovarian Cancer,1.0,0.4,60.0,0.9,0.5,40.0,0.7333333333333333,0.6,13.33333333333333,0.7,0.5,19.999999999999996,0.7,0.43333333333333335,26.66666666666666,0.675,0.375,30.000000000000004,0.66,0.36,30.000000000000004
Pancreatic Cancer,1.0,0.2,80.0,1.0,0.4,60.0,0.9333333333333333,0.4666666666666667,46.666666666666664,0.85,0.45,40.0,0.7333333333333333,0.4,33.33333333333333,0.725,0.325,40.0,0.7,0.34,35.99999999999999
Prostate Cancer,1.0,0.6,40.0,0.9,0.6,30.000000000000004,0.8666666666666667,0.4,46.666666666666664,0.7,0.35,35.0,0.6666666666666666,0.4,26.66666666666666,0.625,0.375,25.0,0.62,0.36,26.0
Stomach Cancer,1.0,0.4,60.0,1.0,0.5,50.0,1.0,0.5333333333333333,46.666666666666664,0.9,0.45,45.0,0.8,0.36666666666666664,43.33333333333334,0.8,0.325,47.5,0.7,0.3,40.0
Thyroid Cancer,1.0,0.4,60.0,1.0,0.5,50.0,0.8666666666666667,0.4666666666666667,40.0,0.8,0.45,35.0,0.7666666666666667,0.5,26.66666666666667,0.725,0.425,30.0,0.7,0.42,27.999999999999996
