cancer,cell1_any,cell2_any,cell3_any,cell4_any,any_interaction,cell1_exact,cell2_exact,cell3_exact,cell4_exact,exact_interaction
Breast Cancer,1,6,2,10,3,0,5,1,9,3
Lung Cancer,1,6,2,10,3,0,5,1,8,2
Colorectal Cancer,1,6,1,7,1,0,5,0,7,2
Prostate Cancer,1,4,1,9,5,0,2,0,6,4
Melanoma,1,2,2,10,7,0,1,1,9,7
Bladder Cancer,1,6,1,10,4,0,3,0,8,5
Kidney Cancer,1,5,1,9,4,0,3,0,7,4
Pancreatic Cancer,1,3,1,10,7,0,1,0,8,7
Liver Cancer,1,2,1,9,7,0,1,0,7,6
Stomach Cancer,1,6,1,10,4,0,2,0,8,6
Esophageal Cancer,1,4,2,10,5,0,1,1,6,4
Ovarian Cancer,1,4,3,8,2,0,3,2,8,3
Endometrial Cancer,1,4,1,7,3,0,2,0,6,4
Cervical Cancer,1,4,1,10,6,0,1,0,7,6
Thyroid Cancer,1,5,3,9,2,0,3,2,8,3
Brain Cancer,1,3,1,9,6,1,3,1,8,5
Leukemia,2,6,2,10,4,1,4,1,9,5
Lymphoma,1,2,1,9,7,0,2,0,9,7
Myeloma,1,2,1,8,6,0,0,0,7,7
