param,value,hits,total,precision_at_10
baseline,current,177,190,0.9315789473684211
k1,1.0,176,190,0.9263157894736842
k1,1.2,176,190,0.9263157894736842
k1,1.8,177,190,0.9315789473684211
k1,2.0,177,190,0.9315789473684211
b,0.5,176,190,0.9263157894736842
b,0.65,177,190,0.9315789473684211
b,0.85,177,190,0.9315789473684211
b,1.0,177,190,0.9315789473684211
title_match_multiplier,1.0,177,190,0.9315789473684211
title_match_multiplier,1.1,177,190,0.9315789473684211
title_match_multiplier,1.3,177,190,0.9315789473684211
title_match_multiplier,1.5,176,190,0.9263157894736842
mesh_match_multiplier,1.0,177,190,0.9315789473684211
mesh_match_multiplier,1.05,177,190,0.9315789473684211
mesh_match_multiplier,1.25,177,190,0.9315789473684211
mesh_match_multiplier,1.35,177,190,0.9315789473684211
review_multiplier,0.5,177,190,0.9315789473684211
review_multiplier,0.8,177,190,0.9315789473684211
review_multiplier,1.0,176,190,0.9263157894736842
analysis_papers,500,174,190,0.9157894736842105
analysis_papers,750,174,190,0.9157894736842105
analysis_papers,1500,177,190,0.9315789473684211
analysis_papers,2000,177,190,0.9315789473684211
