SYMBOL,n_cancer_types_intogen
ABCC4,1
ABL1,1
ABL2,2
ACKR3,1
ACSL3,1
ACSL6,1
ACSM3,1
ACVR1,3
ACVR1B,5
ACVR2A,7
ADAMTS9,1
AFDN,2
AFF1,1
AFF3,2
AFF4,1
AJUBA,1
AKAP9,10
AKT1,9
AKT3,2
ALDH2,1
ALK,6
ALPK1,1
AMER1,4
ANK1,6
ANKRD11,1
APC,22
AR,14
ARAF,3
ARHGAP35,9
ARHGAP5,5
ARHGEF10,4
ARHGEF10L,2
ARHGEF12,2
ARID1A,38
ARID1B,20
ARID2,21
ARNT,1
ASXL1,14
ASXL2,2
ATF7IP,2
ATG7,1
ATM,24
ATP1A1,1
ATP2B3,1
ATR,4
ATRX,14
AXIN1,3
B2M,7
BAP1,14
BARD1,1
BAZ1A,1
BCL10,2
BCL11A,1
BCL11B,3
BCL2,3
BCL6,2
BCL7A,4
BCL9,3
BCL9L,2
BCLAF1,5
BCOR,18
BCORL1,5
BCR,6
BIRC3,2
BIRC6,15
BMP6,1
BMPR1A,1
BRAF,28
BRCA1,4
BRCA2,14
BRD4,4
BRD7,2
BTG1,4
BTG2,4
BTK,1
CACNA1D,5
CADM2,1
CAMTA1,2
CANT1,1
CARD11,7
CASP8,11
CASZ1,1
CBFB,1
CBL,3
CBLB,2
CCAR1,1
CCDC6,1
CCND1,3
CCND2,2
CCND3,4
CCNT1,1
CCR7,1
CD209,3
CD274,1
CD58,2
CD79B,3
CDC73,1
CDH1,6
CDH10,4
CDH11,6
CDK12,9
CDK4,1
CDKN1A,3
CDKN1B,5
CDKN2A,29
CDKN2C,3
CDX2,1
CEBPA,1
CEP89,1
CHD2,4
CHD4,7
CHD7,1
CHEK2,1
CHRDL1,1
CIC,3
CIITA,2
CLIP1,2
CLTC,5
CLTCL1,2
CMTR2,1
CNOT3,2
CNOT9,2
CNTRL,3
COL1A1,5
COL2A1,1
COL6A3,1
COL6A6,1
CPEB3,1
CREBBP,25
CRLF2,1
CRTC1,1
CSF1R,2
CSF3R,3
CSMD3,18
CSPG4,1
CTCF,4
CTNNA1,2
CTNNA2,7
CTNNB1,20
CTNND2,6
CUL3,3
CUX1,7
CXCR4,4
CYLD,11
CYP2C8,2
CYSLTR2,2
DAXX,3
DCAF12L2,4
DCC,5
DDB2,2
DDR2,1
DDX3X,12
DDX6,2
DGCR8,4
DHX9,1
DICER1,4
DIS3,1
DNMT3A,9
DOT1L,2
DROSHA,3
DSP,1
DTX1,1
DUSP16,1
EBF1,4
EFTUD2,1
EGFR,13
EGR2,1
EIF1AX,6
EIF3E,1
EIF4A2,1
ELF3,3
ELF4,2
ELK4,1
ELL,2
ELN,2
EP300,19
EPAS1,1
EPHA2,1
EPHA3,5
EPHA7,3
EPS15,1
ERBB2,16
ERBB3,11
ERBB4,10
ERCC2,1
ERCC3,2
ERG,1
ESR1,4
ESRRA,1
ETV1,2
ETV4,1
ETV5,1
ETV6,3
EWSR1,2
EZH2,6
FAM135B,6
FAM174B,3
FANCA,1
FAS,3
FAT1,28
FAT2,1
FAT3,21
FAT4,24
FBLN2,7
FBN2,1
FBXO11,3
FBXW7,22
FCGR2B,1
FCRL4,1
FGD1,1
FGD5,1
FGFR1,7
FGFR2,5
FGFR3,7
FGFR4,2
FHIT,1
FLCN,1
FLG,2
FLT3,2
FLT4,10
FMN2,1
FNDC3B,1
FOXA1,2
FOXA2,1
FOXL2,1
FOXO1,4
FOXO3,2
FOXP1,2
FUBP1,3
FUS,1
GATA2,2
GATA3,2
GLI1,1
GMPS,1
GNA11,2
GNA13,3
GNAI2,1
GNAQ,4
GNAS,8
GPAA1,1
GPC5,2
GRIN2A,5
GRM3,3
GSK3B,1
GTF2I,1
H3-3A,2
H3C2,4
H4C9,1
HCAR3,1
HDAC4,1
HGF,1
HIF1A,1
HIP1,3
HLA-A,14
HLA-B,5
HLA-C,1
HLA-DQA1,1
HNF1A,2
HNRNPA2B1,1
HOXC13,1
HRAS,14
HSP90AA1,1
HSP90AB1,1
HSPG2,1
ID3,4
IDH1,15
IDH2,5
IKBKB,1
IKZF1,3
IKZF3,3
IL6ST,3
IL7R,4
ING1,2
INPPL1,1
IRAK1,1
IRF1,1
IRF4,5
IRS4,2
ITGAV,1
JAK1,8
JAK2,5
JAK3,1
KAT6A,1
KAT6B,5
KAT7,1
KDM3B,2
KDM5A,1
KDM5C,7
KDM6A,18
KDR,7
KEAP1,6
KIF5B,1
KIT,4
KLF4,3
KLF5,3
KLF6,1
KLHL6,2
KMT2A,9
KMT2B,2
KMT2C,39
KMT2D,46
KMT5A,1
KNL1,3
KNSTRN,1
KRAS,36
LATS1,6
LATS2,3
LDB1,2
LEF1,1
LIFR,2
LPA,1
LRIG3,1
LRP1B,40
LSM14A,1
LYN,2
LZTR1,4
MACC1,1
MAF,1
MALT1,1
MAML2,3
MAP2K1,5
MAP2K4,8
MAP2K7,1
MAP3K1,10
MAPK1,4
MARK2,1
MAX,8
MB21D2,4
MCM7,1
MDGA2,1
MDM2,1
MECOM,4
MED12,9
MED23,1
MEF2B,3
MEN1,8
MET,7
MGA,4
MIB2,1
MLLT1,1
MLLT3,1
MLLT6,2
MPL,1
MSI2,1
MSN,4
MTOR,11
MUC6,3
MYC,4
MYCN,7
MYD88,4
MYEOV,1
MYH11,10
MYH9,10
MYO5A,4
N4BP2,3
NACA,3
NBEA,11
NCAPH,1
NCKIPSD,1
NCOA1,1
NCOA2,4
NCOR1,13
NCOR2,8
NF1,33
NF2,10
NFATC2,2
NFE2L2,9
NFKB2,2
NFKBIA,4
NFKBIE,5
NIN,3
NIPBL,2
NKTR,1
NKX2-1,1
NOTCH1,26
NOTCH2,13
NPM1,1
NPRL2,1
NRAS,22
NRG1,3
NRK,1
NSD1,11
NSD2,4
NSD3,1
NT5C3A,1
NTRK1,1
NTRK2,3
NTRK3,2
NUMA1,2
NUP214,2
NUP98,1
NUTM1,2
NUTM2D,1
NVL,1
NXF1,1
P2RY8,4
PABPC1,7
PALB2,1
PARP4,3
PAX5,2
PBRM1,15
PCBP1,5
PCM1,1
PCMTD1,1
PDCD1LG2,2
PDGFRA,7
PDGFRB,3
PDZD2,1
PEG3,1
PER3,1
PHF6,4
PI4KA,1
PICALM,1
PIK3CA,47
PIK3CB,3
PIK3R1,15
PIM1,3
PLAG1,2
PLCG1,4
PLXNC1,1
PML,1
PMS2,1
POLD1,2
POLE,2
POLQ,3
POT1,5
POU2F2,3
PPM1D,5
PPP2R1A,8
PPP3CA,1
PPP6C,3
PRDM1,5
PRDM16,1
PRDM2,3
PREX2,12
PRKAR1A,3
PRKCB,4
PRKCD,1
PRKD1,3
PRKD2,1
PRUNE2,1
PSIP1,2
PSPC1,1
PTCH1,11
PTEN,38
PTK6,1
PTMA,1
PTPN11,9
PTPN13,3
PTPN14,1
PTPN3,1
PTPN6,2
PTPRB,5
PTPRC,4
PTPRD,11
PTPRK,3
PTPRT,7
PWWP2A,1
QKI,2
RAC1,3
RAD21,2
RAD50,1
RAF1,1
RANBP2,5
RAP1B,1
RAP1GDS1,2
RASA1,2
RASA2,1
RB1,33
RBFOX1,1
RBM10,6
RBM15,1
RBM38,1
RBM39,1
RECQL4,1
RELA,1
REST,1
RET,6
RGPD3,3
RGS7,4
RHOA,10
RHPN2,3
RIPK1,1
RNF213,10
RNF43,12
RNF6,1
ROBO2,11
ROS1,5
RPL10,2
RPL22,1
RPL5,3
RPS3A,1
RPS6KA3,1
RRAGC,1
RRAS2,1
RRN3,1
RSPO2,1
RUNX1,5
RUNX1T1,6
RXRA,1
SALL4,1
SAMHD1,1
SDCBP,1
SDHA,3
SETBP1,1
SETD1B,8
SETD2,23
SETDB1,8
SF3B1,14
SGK1,4
SH2B3,1
SHTN1,1
SIN3A,2
SIRPA,5
SIX1,1
SLC34A2,3
SMAD2,2
SMAD3,2
SMAD4,18
SMARCA2,1
SMARCA4,26
SMARCB1,5
SMARCD1,2
SMC1A,1
SMO,7
SND1,1
SNX29,2
SOCS1,4
SOS1,1
SOX17,1
SOX21,1
SOX9,2
SP140,1
SPEN,11
SPOP,5
SRGAP3,1
SRSF2,1
STAG2,11
STAT3,4
STAT5B,1
STAT6,3
STK11,7
SUFU,1
SUSD2,1
SUZ12,3
TAF15,2
TAF1L,1
TAL1,1
TAL2,1
TBL1XR1,7
TBX3,3
TCF12,2
TCF4,2
TCF7L2,4
TCL1A,1
TEC,1
TENT5C,1
TERT,1
TET1,8
TET2,7
TFAP4,2
TFG,1
TFRC,2
TGFBR1,1
TGFBR2,9
TGIF1,1
THRAP3,1
TMPRSS2,1
TMSB4X,3
TNC,7
TNFAIP3,1
TNFRSF14,3
TOP1,2
TOP2A,1
TP53,74
TP63,5
TPR,2
TRAF3,1
TRAF7,1
TRIM24,1
TRIM33,1
TRIM49C,1
TRIP11,1
TRMT12,1
TRRAP,9
TSC1,9
TSC2,10
TSHR,2
U2AF1,9
U2AF2,1
UBE2A,1
UBR5,6
UBXN11,1
USP6,8
USP7,2
USP8,3
USP9X,6
VAV1,1
VHL,3
WAS,1
WNK2,3
WNT1,1
WT1,3
WWTR1,1
XPO1,3
ZBTB16,2
ZBTB20,1
ZBTB48,1
ZBTB7B,1
ZCCHC8,1
ZCRB1,1
ZEB1,6
ZFHX3,10
ZFP36L1,2
ZMYM2,1
ZMYM3,8
ZNF208,1
ZNF274,1
ZNF331,1
ZNF395,1
ZNF429,4
ZNF521,9
ZNF626,1
ZNF680,1
ZNF721,1
ZNF750,2
ZNF780A,1
ZNF814,1
ZNF90,1
ZNF93,1
ZNRF3,1
ZRSR2,1
ZXDB,1
