k,mean_p_at_k,ci_low_2.5,ci_high_97.5,n_cancers,n_bootstrap
1,1.0,1.0,1.0,19,2000
2,1.0,1.0,1.0,19,2000
3,1.0,1.0,1.0,19,2000
4,0.9736842105263158,0.9342105263157895,1.0,19,2000
5,0.9684210526315788,0.9368421052631579,1.0,19,2000
6,0.9649122807017545,0.9298245614035089,0.9912280701754387,19,2000
7,0.9473684210526315,0.8947368421052632,0.9849624060150376,19,2000
8,0.9407894736842105,0.8947368421052632,0.9802631578947368,19,2000
9,0.9415204678362573,0.9005847953216374,0.976608187134503,19,2000
10,0.9315789473684212,0.8842105263157896,0.9684210526315788,19,2000
11,0.9330143540669856,0.8899521531100479,0.9665071770334928,19,2000
12,0.9210526315789473,0.881578947368421,0.9561403508771931,19,2000
13,0.9190283400809718,0.8824898785425102,0.9514170040485832,19,2000
14,0.9022556390977443,0.8609022556390977,0.9436090225563909,19,2000
15,0.887719298245614,0.8456140350877193,0.9333333333333333,19,2000
16,0.868421052631579,0.8223684210526315,0.9111842105263158,19,2000
17,0.8544891640866873,0.8080495356037151,0.9040247678018576,19,2000
18,0.8538011695906432,0.8040935672514621,0.9035087719298245,19,2000
19,0.853185595567867,0.8033240997229916,0.9030470914127422,19,2000
20,0.8473684210526314,0.7973684210526315,0.8973684210526316,19,2000
21,0.8471177944862155,0.7994987468671679,0.8947368421052632,19,2000
22,0.8421052631578947,0.7966507177033493,0.8851674641148326,19,2000
23,0.8375286041189932,0.7963386727688787,0.8787757437070934,19,2000
24,0.8223684210526315,0.7807017543859649,0.8640350877192983,19,2000
25,0.8189473684210526,0.7726315789473684,0.8611052631578946,19,2000
26,0.813765182186235,0.7692307692307692,0.8603238866396762,19,2000
27,0.8089668615984406,0.7660818713450291,0.851851851851852,19,2000
28,0.8007518796992481,0.7575187969924811,0.843984962406015,19,2000
29,0.8021778584392013,0.7604355716878404,0.8439201451905627,19,2000
30,0.7999999999999999,0.7578947368421053,0.8439035087719297,19,2000
31,0.799660441426146,0.7623089983022071,0.8404074702886247,19,2000
32,0.7944078947368421,0.7581825657894737,0.8338815789473685,19,2000
33,0.7926634768740032,0.7559808612440191,0.8325358851674641,19,2000
34,0.7879256965944271,0.7507739938080495,0.828173374613003,19,2000
35,0.7849624060150376,0.7473684210526316,0.825563909774436,19,2000
36,0.7792397660818713,0.7383040935672515,0.8216374269005847,19,2000
37,0.7752489331436699,0.7354196301564722,0.817923186344239,19,2000
38,0.7742382271468145,0.736842105263158,0.814404432132964,19,2000
39,0.7692307692307692,0.7314439946018894,0.805668016194332,19,2000
40,0.7671052631578948,0.731578947368421,0.8065789473684211,19,2000
41,0.7625160462130938,0.7265725288831837,0.8010269576379975,19,2000
42,0.7556390977443609,0.7205513784461153,0.7907268170426065,19,2000
43,0.7564259485924112,0.723378212974296,0.791921664626683,19,2000
44,0.7559808612440192,0.7200956937799043,0.7942583732057416,19,2000
45,0.750877192982456,0.7204678362573099,0.7824561403508772,19,2000
46,0.7471395881006865,0.7173913043478262,0.7780320366132724,19,2000
47,0.7413213885778276,0.7122060470324749,0.77491601343785,19,2000
48,0.7379385964912281,0.7072368421052632,0.775219298245614,19,2000
49,0.7346938775510203,0.7024704618689581,0.7679914070891516,19,2000
50,0.7305263157894736,0.6978947368421052,0.7663157894736842,19,2000
