cancer,flat_any,flat_exact,flat_top10,rank_only_any,rank_only_exact,rank_only_top10,enrichment_only_any,enrichment_only_exact,enrichment_only_top10,full_any,full_exact,full_top10
Breast Cancer,2,1,BRIP1|SPI1|CD44|WWOX|WAS|BRCA1|NR4A2|UBE3A|CCDC102B|DIAPH3,2,1,BRIP1|SPI1|CD44|WWOX|WAS|NR4A2|UBE3A|BRCA1|CCDC102B|DIAPH3,9,8,BRIP1|BRCA1|PALB2|BRCA2|PIK3CA|ESR1|CHEK2|TP53|ERBB2|AKT1,6,5,BRIP1|BRCA1|BRCA2|CD44|SPI1|PIK3CA|WAS|WWOX|ESR1|TP53
Lung Cancer,2,1,BRIP1|SPI1|CD44|WWOX|WAS|EGFR|EGF|UBE3A|CCDC102B|DIAPH3,2,1,BRIP1|SPI1|CD44|WAS|WWOX|EGFR|UBE3A|EGF|CCDC102B|DIAPH3,7,5,BRIP1|EGF|ERBB2|IGKV1-16|CD274|EGFR|NKX2-1|PIK3CA|KRAS|TP53,3,2,BRIP1|EGF|EGFR|CD44|SPI1|WAS|WWOX|KRAS|UBE3A|NR4A2
Colorectal Cancer,1,0,BRIP1|SPI1|CD44|WWOX|WAS|UBE3A|NR4A2|CCDC102B|DIAPH3|PAX6,2,1,BRIP1|SPI1|CD44|WWOX|WAS|UBE3A|NR4A2|KRAS|CCDC102B|DIAPH3,3,3,BRIP1|CD44|HR|CTNNB1|EGF|KRAS|NRAS|MUTYH|MLH1|ENG,4,3,BRIP1|CD44|KRAS|BRAF|SPI1|WAS|WWOX|EGFR|MLH1|HR
Prostate Cancer,1,0,BRIP1|SPI1|CD44|WWOX|WAS|UBE3A|CCDC102B|DIAPH3|PAX6|NR4A2,1,0,BRIP1|SPI1|CD44|WWOX|WAS|UBE3A|CCDC102B|DIAPH3|PAX6|NR4A2,6,4,BRIP1|CD44|AR|PTEN|PARP1|BRCA2|BRCA1|CHEK2|HR|TP53,6,3,BRIP1|CD44|BRCA2|SPI1|AR|BRCA1|BCR|WWOX|WAS|TP53
Melanoma,2,1,BRIP1|CD44|SPI1|WWOX|WAS|BRAF|UBE3A|CCDC102B|DIAPH3|PAX6,2,1,BRIP1|SPI1|CD44|WWOX|WAS|BRAF|UBE3A|CCDC102B|DIAPH3|PAX6,9,7,BRIP1|CDKN2A|KIT|NRAS|PTEN|MAPK1|PIK3CA|TERT|SF3B1|BRAF,5,4,BRIP1|BRAF|NRAS|CD44|SPI1|WWOX|WAS|KIT|CDKN2A|NR4A2
Bladder Cancer,1,0,BRIP1|SPI1|CD44|WWOX|WAS|UBE3A|CCDC102B|DIAPH3|PAX6|NR4A2,1,0,BRIP1|SPI1|CD44|WWOX|WAS|UBE3A|CCDC102B|DIAPH3|PAX6|NR4A2,6,3,BRIP1|CD44|WWOX|BCR|TP53|FGFR3|TERT|PIK3CA|CD274|COX8A,5,2,BRIP1|CD44|WWOX|TP53|FGFR3|BCR|SPI1|WAS|UBE3A|TERT
Kidney Cancer,1,0,BRIP1|SPI1|CD44|WWOX|WAS|PAX6|CCDC102B|DIAPH3|UBE3A|NR4A2,1,0,BRIP1|SPI1|CD44|WWOX|WAS|PAX6|CCDC102B|DIAPH3|UBE3A|NR4A2,8,5,PAX6|BCR|VHL|WT1|PBRM1|TSC2|CBLIF|TSC1|FLCN|PTEN,3,1,PAX6|BCR|VHL|CD44|BRIP1|SPI1|WWOX|WAS|CCDC102B|DIAPH3
Pancreatic Cancer,1,0,BRIP1|CD44|SPI1|WWOX|WAS|UBE3A|CCDC102B|DIAPH3|PAX6|NR4A2,1,0,CD44|BRIP1|SPI1|WWOX|WAS|UBE3A|NR4A2|CCDC102B|DIAPH3|PAX6,7,4,BRIP1|CD44|BCR|CDKN2A|SMAD4|HR|TP53|PALB2|BRCA2|AKT1,5,3,CD44|BRIP1|BCR|KRAS|SPI1|WWOX|WAS|TP53|NR4A2|CDKN2A
Liver Cancer,1,0,BRIP1|SPI1|CD44|WAS|WWOX|HYCC1|UBE3A|CCDC102B|DIAPH3|PAX6,1,0,BRIP1|SPI1|CD44|WAS|WWOX|UBE3A|HYCC1|CCDC102B|DIAPH3|PAX6,6,5,BRIP1|CD44|TP53|SCARNA10|CTNNB1|EGF|BRAF|AKT1|KRAS|CDKN2A,4,3,BRIP1|CD44|TP53|SPI1|WAS|WWOX|KRAS|CTNNB1|NR4A2|HYCC1
Stomach Cancer,1,0,BRIP1|SPI1|CD44|WAS|WWOX|UBE3A|DIAPH3|CCDC102B|PAX6|NR4A2,1,0,BRIP1|SPI1|CD44|WAS|WWOX|UBE3A|NR4A2|DIAPH3|CCDC102B|PAX6,7,5,BRIP1|DIAPH3|BCR|TP53|APC|CTNNB1|EGFR|CDH1|PIK3CA|EGF,4,2,BRIP1|DIAPH3|BCR|CD44|SPI1|TP53|WAS|WWOX|CDH1|NR4A2
Esophageal Cancer,2,1,BRIP1|SPI1|CD44|WWOX|WAS|UBE3A|CCDC102B|DIAPH3|PAX6|TP53,1,0,BRIP1|SPI1|CD44|WWOX|WAS|UBE3A|CCDC102B|DIAPH3|PAX6|NR4A2,7,4,CD44|WWOX|TP53|BCR|EGFR|CDKN2A|PIK3CA|ERBB2|EGF|CD274,3,1,CD44|WWOX|TP53|BRIP1|SPI1|BCR|WAS|UBE3A|CCDC102B|DIAPH3
Ovarian Cancer,3,2,BRIP1|SPI1|CD44|WWOX|WAS|BRCA1|BRCA2|NR4A2|UBE3A|CCDC102B,2,1,BRIP1|SPI1|CD44|WWOX|WAS|BRCA1|CCDC102B|DIAPH3|PAX6|UBE3A,7,5,BRIP1|BRCA2|BRCA1|POLE|ARID1A|TP53|MSH2|CHEK2|MLH1|PIK3CA,5,3,BRIP1|BRCA1|BRCA2|CD44|SPI1|WWOX|WAS|NR4A2|TP53|BCR
Endometrial Cancer,1,0,BRIP1|SPI1|CD44|WWOX|WAS|UBE3A|CCDC102B|DIAPH3|PAX6|NR4A2,1,0,BRIP1|SPI1|CD44|WWOX|WAS|UBE3A|CCDC102B|DIAPH3|PAX6|NR4A2,6,5,BRIP1|PAX6|PTEN|TP53|POLE|MLH1|MSH2|PIK3CA|ARID1A|KRAS,5,3,BRIP1|PAX6|CD44|SPI1|TP53|PTEN|WWOX|WAS|POLE|PIK3CA
Cervical Cancer,1,0,BRIP1|SPI1|CD44|WWOX|WAS|UBE3A|DIAPH3|CCDC102B|PAX6|NR4A2,1,0,BRIP1|SPI1|CD44|WWOX|WAS|UBE3A|DIAPH3|CCDC102B|PAX6|NR4A2,6,5,CD44|UBE3A|DIAPH3|TP53|PIK3CA|HR|AKT1|KRAS|PTEN|CDKN2A,3,2,CD44|UBE3A|DIAPH3|PIK3CA|TP53|BRIP1|SPI1|WWOX|WAS|CCDC102B
Thyroid Cancer,3,2,BRIP1|SPI1|CD44|WAS|WWOX|RET|BRAF|UBE3A|CCDC102B|DIAPH3,3,2,BRIP1|SPI1|CD44|WAS|WWOX|RET|BRAF|UBE3A|CCDC102B|DIAPH3,8,5,RET|CCDC6|BCR|NTRK1|NRAS|TERT|CBLIF|BRAF|SCARNA10|HRAS,6,3,RET|CCDC6|BRAF|BCR|CD44|BRIP1|SPI1|WAS|TERT|WWOX
Brain Cancer,1,1,BRIP1|CD44|SPI1|WWOX|WAS|UBE3A|CCDC102B|DIAPH3|PAX6|NR4A2,1,1,CD44|BRIP1|SPI1|WWOX|WAS|UBE3A|CCDC102B|DIAPH3|PAX6|NR4A2,6,5,HR|FGFR1|CDKN2A|EGF|IDH1|TP53|IDH2|MLH1|TERT|MSH2,4,4,CD44|BRIP1|SPI1|IDH1|WAS|WWOX|TP53|NR4A2|EGFR|CCDC102B
Leukemia,2,1,BRIP1|CD44|SPI1|WAS|WWOX|UBE3A|CCDC102B|DIAPH3|PAX6|BCR,2,1,BRIP1|CD44|SPI1|WAS|WWOX|UBE3A|CCDC102B|DIAPH3|PAX6|BCR,7,4,SPI1|WAS|NPM1|NUP214|NDUFB6|BCR|CBLIF|U2AF1|PTPN11|NRAS,5,2,SPI1|WAS|BCR|NPM1|CD44|BRIP1|FLT3|WWOX|NUP214|NR4A2
Lymphoma,1,0,BRIP1|SPI1|CD44|WWOX|WAS|UBE3A|CCDC102B|DIAPH3|PAX6|NR4A2,1,0,BRIP1|SPI1|CD44|WWOX|WAS|UBE3A|CCDC102B|DIAPH3|PAX6|NR4A2,7,7,CD44|WWOX|BCR|MYC|NFASC|CD79B|MYD88|CREBBP|TP53|CDKN2A,4,3,CD44|WWOX|BCR|BRIP1|SPI1|TP53|MYD88|WAS|NR4A2|UBE3A
Myeloma,1,0,BRIP1|SPI1|CD44|WWOX|UBE3A|CCDC102B|DIAPH3|PAX6|WAS|NR4A2,1,0,BRIP1|SPI1|CD44|WWOX|UBE3A|CCDC102B|DIAPH3|PAX6|WAS|NR4A2,7,5,CD44|BCR|TP53|NRAS|BRAF|KRAS|NFASC|SDC1|DIS3|AKT1,4,3,CD44|BRIP1|SPI1|BCR|TP53|WWOX|NRAS|UBE3A|BRAF|CCDC102B
