cancer,cleaned_top10,cleaned_any,cleaned_exact,true_raw_top10,raw_any,raw_exact
Breast Cancer,BRCA1|BRCA2|PIK3CA|TP53|ERBB2|PALB2|CHEK2|ESR1|PTEN|EGFR,10,9,BRIP1|BRCA1|BRCA2|CD44|SPI1|PIK3CA|WAS|WWOX|ESR1|TP53,6,5
Lung Cancer,EGFR|KRAS|TP53|CD274|BRAF|PIK3CA|ERBB2|ALK|STK11|MET,10,9,BRIP1|EGFR|CD44|SPI1|WAS|WWOX|KRAS|UBE3A|NR4A2|CCDC102B,3,2
Colorectal Cancer,KRAS|BRAF|EGFR|MLH1|PIK3CA|NRAS|MSH2|TP53|APC|MSH6,7,7,BRIP1|CD44|KRAS|BRAF|SPI1|WAS|WWOX|EGFR|MLH1|HR,4,3
Prostate Cancer,BRCA2|BRCA1|TP53|PTEN|ATM|AR|SPOP|PARP1|CHEK2|RB1,9,7,BRIP1|CD44|BRCA2|SPI1|AR|BRCA1|BCR|WWOX|WAS|TP53,6,3
Melanoma,BRAF|NRAS|KIT|CDKN2A|TERT|GNAQ|GNA11|BAP1|PDCD1|TP53,9,8,BRIP1|BRAF|NRAS|CD44|SPI1|WWOX|WAS|KIT|CDKN2A|NR4A2,5,4
Bladder Cancer,TP53|FGFR3|TERT|PIK3CA|CD274|RB1|KRAS|ERBB2|EGFR|ARID1A,10,7,BRIP1|CD44|WWOX|TP53|FGFR3|BCR|SPI1|WAS|UBE3A|TERT,5,2
Kidney Cancer,VHL|WT1|PBRM1|BAP1|TP53|FH|SETD2|TSC2|FLCN|CTNNB1,9,7,PAX6|BCR|VHL|CD44|BRIP1|SPI1|WWOX|WAS|CCDC102B|DIAPH3,3,1
Pancreatic Cancer,KRAS|TP53|BRCA2|CDKN2A|BRCA1|SMAD4|GNAS|PALB2|PIK3CA|BRAF,10,7,CD44|BRIP1|BCR|KRAS|SPI1|WWOX|WAS|TP53|NR4A2|CDKN2A,5,3
Liver Cancer,TP53|KRAS|CTNNB1|BRAF|PIK3CA|TERT|NRAS|EGFR|KIT|APC,10,7,BRIP1|CD44|TP53|SPI1|WAS|WWOX|KRAS|CTNNB1|NR4A2|HYCC1,4,3
Stomach Cancer,TP53|CDH1|PIK3CA|KRAS|CTNNB1|EGFR|KIT|BRAF|APC|BRCA2,10,7,BRIP1|DIAPH3|BCR|CD44|SPI1|TP53|WAS|WWOX|CDH1|NR4A2,4,2
Esophageal Cancer,TP53|EGFR|PIK3CA|CDKN2A|KRAS|BRAF|ERBB2|NOTCH1|CD274|KIT,10,6,CD44|WWOX|TP53|BRIP1|SPI1|BCR|WAS|UBE3A|CCDC102B|DIAPH3,3,1
Ovarian Cancer,BRCA1|BRCA2|TP53|POLE|KRAS|PIK3CA|ARID1A|MLH1|CTNNB1|BRAF,9,8,BRIP1|BRCA1|BRCA2|CD44|SPI1|WWOX|WAS|NR4A2|TP53|BCR,5,3
Endometrial Cancer,TP53|PTEN|POLE|PIK3CA|MLH1|KRAS|MSH2|CTNNB1|ARID1A|MSH6,7,6,BRIP1|PAX6|CD44|SPI1|TP53|PTEN|WWOX|WAS|POLE|PIK3CA,5,3
Cervical Cancer,PIK3CA|TP53|KRAS|PTEN|ERBB2|EGFR|STK11|FBXW7|CD274|ARID1A,10,8,CD44|UBE3A|DIAPH3|PIK3CA|TP53|BRIP1|SPI1|WWOX|WAS|CCDC102B,3,2
Thyroid Cancer,BRAF|RET|TERT|NRAS|KRAS|HRAS|TP53|PIK3CA|CCDC6|EIF1AX,10,8,RET|CCDC6|BRAF|BCR|CD44|BRIP1|SPI1|WAS|TERT|WWOX,6,3
Brain Cancer,IDH1|TP53|EGFR|TERT|IDH2|BRAF|ATRX|KRAS|PIK3CA|MGMT,9,8,CD44|BRIP1|SPI1|IDH1|WAS|WWOX|TP53|NR4A2|EGFR|CCDC102B,4,4
Leukemia,FLT3|NPM1|DNMT3A|BCR|CEBPA|NRAS|ASXL1|TP53|RUNX1|IDH1,10,9,SPI1|WAS|BCR|NPM1|CD44|BRIP1|FLT3|WWOX|NUP214|NR4A2,5,2
Lymphoma,TP53|MYD88|MYC|CD79B|KMT2D|EZH2|CREBBP|BCL2|ATM|TET2,10,9,CD44|WWOX|BCR|BRIP1|SPI1|TP53|MYD88|WAS|NR4A2|UBE3A,4,3
Myeloma,TP53|NRAS|BRAF|KRAS|DIS3|SDC1|IGH|MYC|FGFR3|CCND1,8,7,CD44|BRIP1|SPI1|BCR|TP53|WWOX|NRAS|UBE3A|BRAF|CCDC102B,4,3
